text,file_name
05624410516,0a4ed302-img_0779_box0.png
1270931221,0a5bf5ea-img_1234_box0.png
0372228143,0a8fdbf9-img_1846_box0.png
06515810816,0a9c6e93-img_0108_box0.png
2145911242,0a555df3-img_1303_box0.png
16518611316,0aa9d7b2-img_1729_box0.png
1150911243,0adb79cc-img_1877_box0.png
1907111226,0b2d1bf4-img_1878_box0.png
08852110916,0b013a66-img_1409_box0.png
06083111616,0b29c0c0-img_1254_box0.png
1124110842,0b33c511-img_0451_box0.png
05720811316,0b65fc5b-img_1306_box0.png
0426310922,0b05970b-img_1022_box0.png
05293919916,0bb6fc15-img_0565_box0.png
1333510835,0bde1e92-img_0491_box0.png
0404219941,0be49d00-img_1778_box0.png
0861611230,0bf13796-img_0789_box0.png
19366311316,0c4a7400-img_1771_box0.png
0697410043,0c071a1a-img_1710_box0.png
09244710005,0c787fd2-img_1930_box0.png
0288639725,00c4084f-img_0422_box0.png
1122011216,0c8274ea-img_0579_box0.png
1798011335,0cca3bb6-img_0478_box0.png
00344312405,0cd160e6-img_0409_box0.png
6742210816,0d42a967-img_1104_box0.png
12606511316,0d49d0df-img_1206_box0.png
00121331416,00da7e46-img_0085_box0.png
0468519516,0df54e09-img_0727_box0.png
09159410916,0dfed099-img_0718_box0.png
1355030109,0e9a9e53-img_1931_box0.png
03082811516,0ea29b74-img_1704_box0.png
05443410116,0eb9e277-img_0522_box0.png
0694811443,0ee8a8ea-img_1726_box0.png
03152711416,0ee64032-img_1898_box0.png
0226239635,0eedb10f-img_0915_box0.png
0449511418,0f2fc44c-img_1419_box0.png
0947610835,0f7eaa08-img_0549_box0.png
1288211325,0f8ddf90-img_1663_box0.png
3024511309,0f35b230-img_1978_box0.png
04095811716,0f6755af-img_0584_box0.png
0571819843,00f10794-img_1529_box0.png
11405011216,0fb70585-img_0208_box0.png
0882811035,0fbfc127-img_1119_box0.png
08868411510,0fbfc127-img_1119_box1.png
3059010616,0fbfc127-img_1119_box2.png
02566711316,0fbfc127-img_1119_box3.png
4631011116,0fc39c7d-img_0855_box0.png
3672211016,0fe83df9-img_1672_box0.png
0601131435,1a1ece62-img_1637_box0.png
10375010916,1a3bb82c-img_1690_box0.png
14619111416,1a9e2f1e-img_1775_box0.png
05827611516,1a66acbe-img_1803_box0.png
00370912405,1a482c49-img_0273_box0.png
2626810416,1a804c76-img_0823_box0.png
1643010816,1a371828-img_1489_box0.png
16420611316,1aa345b0-img_1768_box0.png
3109311309,1aac4eeb-img_1073_box0.png
0449511418,1ac3a603-img_1433_box0.png
11247411116,1af93088-img_1597_box0.png
0957910716,1b4d07f8-img_0018_box0.png
02460911616,1b83fde6-img_1141_box0.png
1111510509,1b569e1c-img_0534_box0.png
3712610616,20bb4db9-img_0775_box1.png
01620419216,b0b29a7b-img_1191_box1.png
0057731505,9dd2bb22-img_0910_box1.png
0536951721,b01af453-img_0400_box0.png
00312821016,cf40155b-img_1128_box1.png
0435110416,e739e8a0-img_0132_box0.png
1067518428,6bede902-img_0741_box1.png
06326011815,c4a117dd-img_0520_box1.png
0504731123,73c9791b-img_1117_box1.png
5475911016,823ea418-img_0133_box0.png
0353710443,efc4131c-img_1616_box1.png
12981111316,71d1dd0d-img_0146_box0.png
3106411331,e6b21c5c-img_1138_box2.png
09972511116,051148ac-img_0126_box1.png
04590011416,4e0a381f-img_1051_box1.png
17248211416,133c7815-img_1346_box0.png
01605311516,de074a68-img_1703_box1.png
0647010516,e50ecb8d-img_0138_box0.png
02263010619,c75b24cc-img_0220_box0.png
3849010016,9ac3a3dd-img_0086_box0.png
3503110816,7266b528-img_0017_box0.png
03474611202,ccc6f9d7-img_0203_box1.png
8501411116,e8d289d6-img_0107_box0.png
0343811309,0847a7f8-img_0158_box1.png
0039921018,0584d8c5-img_1814_box0.png
0050531143,19a962ef-img_1389_box1.png
2388210516,98b10e32-img_0082_box1.png
0450011043,626c60f3-img_1351_box1.png
4993510716,abd01a62-img_1913_box1.png
1289611135,b4ba31d5-img_0724_box0.png
11943811216,32130689-img_0141_box0.png
1492019016,6ad19bd7-img_0834_box0.png
2722111116,97064826-img_0105_box0.png
3144310016,f3fb8639-img_0032_box0.png
15432311216,04521a5a-img_0121_box0.png
05194911316,660b82b8-img_0124_box0.png
3703311216,a3360f85-img_0118_box0.png
11781311416,f3746fd4-img_0104_box0.png
14905311216,c1305e85-img_0099_box0.png
0441800016,bd1a6bf8-img_1200_box1.png
2415010716,acbc8d27-img_0154_box0.png
02449611416,e3ee750b-img_0131_box0.png
33313411016,c9c1b664-img_0098_box0.png
07810210816,6ec31bdd-img_0028_box0.png
6783011216,e66e5640-img_0068_box1.png
04538431416,646c1f21-img_0242_box1.png
11940611316,c4ad61c8-img_0021_box0.png
0747310144,ccc6f9d7-img_0203_box0.png
04245311816,5ffbaa9b-img_1584_box0.png
07128311616,c4c9ac4e-img_0051_box0.png
07810210816,9f0f40e5-img_0025_box0.png
0603911442,7acc885f-img_0122_box0.png
06063811316,202567a0-img_0029_box0.png
1582511227,b59dd6c5-img_0140_box0.png
0603911442,9a6e62ba-img_0119_box0.png
03978911516,f152cd38-img_0094_box0.png
03978911616,c1cb1fd6-img_0093_box0.png
6691111116,e9362cf5-img_0080_box0.png
01610111616,33dcd9b7-img_0035_box0.png
04866112216,fcd1d8c9-img_0195_box2.png
10287111916,09508290-img_0048_box0.png
00121331416,00da7e46-img_0085_box0.png
1268210831,e6b21c5c-img_1138_box1.png
1070920409,fea7f3c4-img_1950_box0.png
2685811409,d209c8f4-img_0214_box1.png
01022830235,18cd406a-img_0943_box0.png
0815310442,c7db387b-img_0790_box0.png
0882311216,26dc98b7-img_0143_box0.png
08134211316,7fa56080-img_0087_box0.png
5788611216,c7adebfa-img_0137_box0.png
0196211009,f4f74b49-img_0096_box0.png
6226110916,83ba9382-img_0113_box0.png
2078710944,c9dd45a7-img_0201_box0.png
01793411416,b56d79f8-img_0026_box0.png
3309610216,46044816-img_0127_box0.png
03118611316,7d51b980-img_0088_box1.png
0104731225,d52a6436-img_0500_box1.png
11308611516,fc82296d-img_0712_box0.png
1234918615,048b1144-img_0257_box1.png
3436311116,5b5d7e56-img_0070_box2.png
6448111316,9431f25a-img_0089_box0.png
0957910716,1b4d07f8-img_0018_box0.png
07645610816,977954d8-img_0831_box0.png
13672511916,bb704d64-img_0231_box1.png
1557610916,8a4d6801-img_0033_box0.png
00114341516,4d4affb5-img_0134_box0.png
0128030818,96aea525-img_1805_box0.png
1545960016,f242adf2-img_1139_box1.png
07530211616,c954ec71-img_0742_box0.png
02201731216,eff2d37d-img_0525_box0.png
08569111516,e5219d7d-img_1485_box2.png
12361911316,98b10e32-img_0082_box0.png
02764111416,49889f94-img_0112_box0.png
0006012217,5b5d7e56-img_0070_box1.png
0019911416,98f87e8a-img_0036_box0.png
04419511316,30bbc374-img_0004_box1.png
0196211009,4de8c51b-img_0097_box0.png
00169632305,e5c756a0-img_0200_box2.png
0741818517,4d3eaaa4-img_0810_box0.png
0957910716,dd239d0a-img_0019_box0.png
0537919805,a166df7c-img_0074_box0.png
00245521416,e8b333ae-img_1155_box2.png
0887140016,55b2d5b5-img_0225_box0.png
05254711416,635b2ae6-img_0079_box0.png
01793411416,bb4c326f-img_0027_box0.png
0526410905,6ebe24a3-img_0856_box0.png
2290800005,fcd1d8c9-img_0195_box1.png
06515810616,0a9c6e93-img_0108_box0.png
03116311616,65b23f54-img_0072_box0.png
0088119943,7628777a-img_1627_box0.png
06917710516,0847a7f8-img_0158_box0.png
0478619043,705fc31c-img_1457_box0.png
1080811218,aea7609d-img_1345_box0.png
02626011516,64745a0e-img_0084_box0.png
00721211416,c091f53a-img_1124_box1.png
01134911642,bb704d64-img_0231_box0.png
12361911316,dab980bb-img_0083_box0.png
11681811316,51292236-img_0135_box0.png
1468511235,f6fb7427-img_0125_box0.png
01610111516,7cb52be1-img_0034_box0.png
12361911316,64b49584-img_0081_box0.png
21250311416,fc5bd41a-img_0053_box0.png
4767910916,835d07d9-img_0109_box0.png
1182918616,60a18a34-img_1162_box2.png
04100611716,26b57e42-img_0057_box1.png
1373700016,f242adf2-img_1139_box0.png
04419611316,192739eb-img_0000_box1.png
0181312219,e138badb-img_1536_box1.png
0566431043,3cdf3d70-img_1727_box0.png
0126830718,5cca0e4d-img_1932_box0.png
00345731416,03ac6118-img_0144_box0.png
3059010616,0fbfc127-img_1119_box2.png
00409031318,7913374c-img_0379_box0.png
00741610707,e5c756a0-img_0200_box3.png
3144310016,8b0aeec8-img_0031_box0.png
0932519109,09c66bd3-img_1036_box0.png
1550519816,8cb3550d-img_0938_box0.png
1158911240,6a038a02-img_0594_box0.png
0816110405,7d5d354b-img_1379_box0.png
0621010716,295cc85f-img_0100_box0.png
11943811216,4826a3eb-img_0142_box0.png
19430211416,22caeb51-img_0230_box0.png
2535611206,cc784e8b-img_1328_box0.png
04133011416,c1d1f24d-img_1142_box1.png
1405711334,66f4870b-img_0148_box0.png
0199531418,ec24bb2f-img_1324_box0.png
00105311616,7d51b980-img_0088_box0.png
01270811202,d552d45b-img_0039_box0.png
00968111742,b6f90562-img_0237_box0.png
18227111216,da8d59cb-img_1059_box0.png
0248228406,a1c701e2-img_0678_box0.png
0035840135,10a329c6-img_0128_box0.png
19207511316,259c06da-img_0487_box0.png
0067331123,73c9791b-img_1117_box0.png
0426310922,3e7f6e9b-img_0801_box0.png
2290950005,31f66f08-img_0197_box1.png
10287111916,977ca2e2-img_0049_box0.png
00501311416,b17db5dd-img_0136_box0.png
05737511816,f737ce72-img_1678_box0.png
0088119943,8cb04afd-img_1630_box0.png
50203512616,fcd1d8c9-img_0195_box0.png
0526410905,744c24c1-img_0846_box0.png
01448412316,bb7e8f43-img_0236_box0.png
01135411616,d0f3eedd-img_0102_box0.png
3356311242,048b1144-img_0257_box0.png
1449011225,30bbc374-img_0004_box0.png
08726111516,57d91646-img_0116_box0.png
0603911442,64258c93-img_0123_box0.png
11940611316,de52cd15-img_0022_box0.png
02618631316,dda20edc-img_0965_box0.png
00647619702,a4be33d4-img_0202_box0.png
05987210216,99311b49-img_1175_box2.png
04955811516,e524ae78-img_0115_box1.png
0471310118,7a9f37ef-img_1467_box0.png
00968111742,ed2a4138-img_0238_box0.png
1699111335,e8c2071d-img_0447_box0.png
04145611516,909f6166-img_1776_box0.png
04208731216,3a76c4fb-img_0050_box0.png
0471311116,894ae3a3-img_0055_box0.png
1912911235,93a8c35d-img_0514_box0.png
5422411216,8842924f-img_1180_box0.png
12799611516,ff03c752-img_0064_box0.png
04955811516,23d6b44f-img_0114_box0.png
0322810614,bd21131f-img_1472_box0.png
5773811216,75dac9a2-img_1439_box0.png
01598811516,5af2db00-img_1115_box2.png
04891311316,6d5c2b03-img_0951_box0.png
0653710843,f946fcdd-img_1261_box0.png
20246311416,f1c5468c-img_0232_box0.png
16968511316,429d3c74-img_0552_box0.png
00461611607,18b75fe0-img_0403_box0.png
02349312316,a9c45d3b-img_0061_box1.png
0866519905,1776f483-img_1322_box0.png
0045430016,6f011581-img_0075_box0.png
5773811216,92bfde11-img_1512_box0.png
17248211316,2a3c0b94-img_1348_box0.png
0478619043,a13f957e-img_1399_box0.png
00318621016,ed49a507-img_0573_box1.png
00086912416,236f0ed1-img_0228_box0.png
01637211416,7a44796f-img_0023_box1.png
1841510116,c1b2d5bd-img_1947_box0.png
0180811518,fd9d180d-img_1548_box0.png
14583911416,847717ce-img_1631_box0.png
1877711321,7fe5912c-img_1519_box0.png
1449130842,0342b11a-img_1249_box0.png
0327110543,bfdedfe3-img_1543_box0.png
02608319016,b2e06da7-img_1904_box0.png
1078111016,6308aa9f-img_0076_box0.png
1700310609,e6cf3ed9-img_0690_box0.png
0006480643,98337ccc-img_1502_box0.png
12971011916,e8c0051e-img_0062_box0.png
11940611316,7a44796f-img_0023_box0.png
05297911716,26edc013-img_0063_box1.png
06063811316,85585875-img_0030_box0.png
1463310509,c9ffa7bb-img_0982_box0.png
1753811142,8e4adb6e-img_1606_box0.png
5076311216,e8c0051e-img_0062_box1.png
7230210816,52ee12ff-img_1867_box0.png
05968911316,c14f9972-img_0101_box0.png
0886110844,b2cbca1e-img_0737_box0.png
04891311316,331dffd2-img_0980_box0.png
0025229335,078b63ee-img_0747_box0.png
08224311416,c091f53a-img_1124_box2.png
03621011616,7b106e52-img_0066_box0.png
09856211016,fc4ba2f5-img_0614_box0.png
05737511816,4987b3fc-img_1571_box0.png
00832511613,ed134b7f-img_0235_box0.png
00709839516,17fc0648-img_0709_box0.png
0090131335,25f94de6-img_0981_box0.png
17248211316,e3f44234-img_1406_box0.png
3679810816,007135cc-img_0756_box0.png
10019911416,86a9bd0c-img_0037_box0.png
1449011225,3bfc7c93-img_0008_box0.png
0970910016,703c186d-img_0067_box1.png
07199910916,d4346481-img_1393_box0.png
02197831416,7af2c822-img_0139_box0.png
0038150016,16100ae0-img_0245_box0.png
0098430730,b88293ff-img_0685_box0.png
1248311219,88b84266-img_1316_box0.png
0957910716,fdb50057-img_0020_box0.png
06158410616,2ac2b9a2-img_0502_box0.png
04610119916,6788a936-img_0916_box0.png
11353811316,e524ae78-img_0115_box0.png
1663211244,7623e106-img_0011_box0.png
06158410616,ad97eebf-img_0498_box0.png
00090611816,e2b6b788-img_1858_box0.png
0995510935,c927740e-img_0524_box0.png
1230111409,cd6b3923-img_0665_box0.png
1338210805,132c4098-img_0914_box0.png
1468511235,051148ac-img_0126_box0.png
0826410143,ead7fa43-img_1405_box0.png
0644510416,f6174e0c-img_1135_box0.png
0116631418,c16cfca1-img_1450_box0.png
1134711442,6f4a2a88-img_1087_box0.png
0815310442,5fa684a7-img_0966_box0.png
12971011916,987e6f25-img_0060_box1.png
11267411216,21a882b1-img_1091_box0.png
18986411316,02055fb1-img_1788_box0.png
07645610816,bbed2971-img_0766_box0.png
1080811218,6d72aa48-img_1310_box0.png
0096631016,777dd802-img_0056_box0.png
0670911331,e6b21c5c-img_1138_box0.png
3629111309,c67c78d4-img_0708_box0.png
19375311216,47049b32-img_1337_box0.png
2290890005,31f66f08-img_0197_box0.png
06917710516,8050583b-img_0159_box0.png
00181111516,61cd5bed-img_0663_box0.png
11005310816,237f7aca-img_0713_box0.png
04419511316,fadd389c-img_0001_box0.png
19207511316,7f1feaba-img_0482_box0.png
1753811142,382896ac-img_1573_box0.png
09344910716,519a8861-img_1381_box0.png
0471310118,b3729b57-img_1462_box0.png
0175739143,fb3f4ff1-img_1282_box0.png
07442411516,f8641f3c-img_0071_box0.png
0173539635,5187df81-img_0988_box0.png
00556811941,9142f6e6-img_0444_box0.png
02240531316,49e52ed8-img_0110_box0.png
1405410709,e3c3f37f-img_1045_box0.png
01135411616,175b0dc7-img_0103_box0.png
8731111216,43df91f5-img_0646_box0.png
1030611113,e7b205be-img_1350_box0.png
0932430516,9eaa26b4-img_0145_box0.png
2444011216,31d06464-img_1362_box0.png
07157111316,2cb313c1-img_1658_box0.png
0199531418,67ebd32a-img_1299_box0.png
2198211009,5b2d11d3-img_0628_box0.png
02532411516,eda49781-img_1720_box0.png
03455131216,74463b90-img_0989_box0.png
0009839516,870c1cfc-img_1088_box0.png
1699111335,846eca0b-img_0446_box0.png
0932519109,1cd95196-img_0895_box0.png
6499711216,5fc5eec8-img_0045_box0.png
1244411216,182f24eb-img_1239_box0.png
00837631316,b2117e48-img_0492_box0.png
1109211343,c65882ca-img_1507_box0.png
04974711416,32514bc2-img_1099_box0.png
5178211331,66b42407-img_0174_box0.png
15432311216,36fd5e41-img_0120_box0.png
00181111516,c1c4bdb3-img_0940_box0.png
2470711109,a0ab7fac-img_0673_box0.png
02566711316,0fbfc127-img_1119_box3.png
03306711816,5af2db00-img_1115_box1.png
04308111316,7341e768-img_0939_box0.png
02967611316,4097d766-img_0106_box0.png
15289211216,72a66161-img_1744_box0.png
0390230916,8f3a0bb0-img_0543_box0.png
2930470016,f78e054c-img_1113_box0.png
07364710116,6cd35178-img_0042_box0.png
1404610109,445af4e9-img_0574_box0.png
00245521416,369e447a-img_1152_box1.png
1688711334,6f1e8db2-img_1929_box0.png
0911111448,efc4131c-img_1616_box0.png
0052140023,a375b60f-img_1134_box0.png
2290740005,6729fe6e-img_0196_box0.png
2324810216,a8cf3776-img_1869_box0.png
00587631516,065a655b-img_1147_box0.png
02201731216,7fabc0ac-img_0902_box0.png
11247411116,1af93088-img_1597_box0.png
0035840135,fe3a7ec2-img_0129_box0.png
07352311416,72f2c700-img_1216_box0.png
03978911516,a7da2905-img_0095_box0.png
1230111409,933211f4-img_0960_box0.png
0171611418,8e4dca6b-img_1443_box0.png
00587631516,c5b1fcb9-img_1149_box1.png
1663211244,65e19a6b-img_0010_box0.png
10843410816,d4617598-img_1504_box0.png
0471311116,a5269e3c-img_0054_box0.png
1216510935,42014be1-img_0608_box0.png
0512310718,5925e02e-img_1657_box0.png
10647211516,448d752a-img_1840_box0.png
05411511616,036d3423-img_0171_box1.png
00769512216,861b873f-img_0168_box0.png
02719519016,bc711ef4-img_1649_box0.png
08448111016,bff31831-img_0761_box0.png
09344910716,5a05e975-img_1723_box0.png
2516219816,365c5920-img_1193_box1.png
02368531416,e77cc8c4-img_1953_box0.png
0676919926,7f8eeacb-img_0503_box0.png
1845231221,b377423f-img_1797_box0.png
10736911416,12c845b4-img_0929_box0.png
0077130125,3d3caad9-img_1354_box0.png
02720511516,abe500de-img_1060_box0.png
0259430735,4a29b673-img_0814_box0.png
0676919926,aae9475c-img_0751_box0.png
0653710843,e5009a40-img_1258_box0.png
25993611216,eff0b42e-img_0163_box0.png
08234210716,99311b49-img_1175_box1.png
6302711216,47c6599d-img_0677_box0.png
02555611305,854f7081-img_0366_box0.png
02618631316,d6874f97-img_0835_box0.png
1248311219,a99fe57e-img_1532_box0.png
07598711016,dee64040-img_0464_box0.png
1411310802,79d8470d-img_1037_box0.png
0131919926,940149b6-img_0588_box0.png
01936210821,416180c0-img_0307_box0.png
1404610109,b7d95e71-img_0668_box0.png
08845910616,26b57e42-img_0057_box0.png
01325630816,6de2b56e-img_0591_box0.png
08275111316,fbdf5027-img_0047_box0.png
0353210018,4400c7c6-img_1609_box0.png
01918419616,1e16bcc8-img_1680_box0.png
0100811722,d863e435-img_0005_box0.png
1300049909,a103b27c-img_1794_box0.png
04610119916,6bede902-img_0741_box0.png
0696830016,8648309f-img_0389_box0.png
3228431419,3fe5512b-img_1497_box0.png
2274210616,41fabfb8-img_0164_box0.png
0554618543,50137461-img_1561_box0.png
0372228143,0a8fdbf9-img_1846_box0.png
0404119835,27f8d632-img_1633_box0.png
07544611716,466ffc67-img_1825_box0.png
00193811816,e8b333ae-img_1155_box1.png
00487411416,b0b29a7b-img_1191_box0.png
08194211316,0578a8f6-img_0091_box0.png
1158911240,5670644d-img_0548_box0.png
19620611216,02f2b39a-img_1876_box0.png
0805131426,2b4c13f1-img_1924_box0.png
0091331335,79d6e7e2-img_0861_box0.png
0194311305,dacd2eb3-img_1105_box0.png
02647911716,16614c5a-img_1251_box0.png
0104440916,fbf737e2-img_0205_box0.png
0857011229,11c33b43-img_0886_box0.png
08726111516,bfda96ae-img_0117_box0.png
0784710535,09a3ab16-img_1730_box0.png
1425510109,9f25b901-img_1875_box0.png
04891311316,9ce3f803-img_1082_box0.png
0226239635,43a14ff9-img_0998_box0.png
1357810409,500abc6b-img_1754_box0.png
0947610635,0f7eaa08-img_0549_box0.png
12606511316,0d49d0df-img_1206_box0.png
0611311216,49456c79-img_0149_box0.png
0117019518,f8165b79-img_1481_box0.png
0410630935,e6b0ec02-img_1901_box0.png
08214711416,3b207a5e-img_0111_box0.png
0252510316,444e1c79-img_0593_box0.png
03513811516,1beb5b73-img_0073_box0.png
03589419816,f2447d30-img_1816_box0.png
0104140916,47982f8d-img_0206_box0.png
0232530714,bd722347-img_1221_box0.png
4534710516,3c8c65e1-img_1739_box0.png
00129841316,f91d9faa-img_1217_box0.png
0171810135,07d8eb18-img_0796_box0.png
01234911516,e5219d7d-img_1485_box1.png
07598711016,46f5d0e0-img_0465_box0.png
00556811941,70dd8b06-img_0445_box0.png
0843011535,edcd76f9-img_0700_box0.png
02647911716,b064fe88-img_1252_box0.png
0077130125,34de0414-img_1385_box0.png
0131919926,ebf0a78a-img_0824_box0.png
13711611216,1ffa5e00-img_0687_box0.png
09791011516,d1c23856-img_0773_box0.png
1216510935,93ff566c-img_0994_box0.png
1166811006,3ee3434a-img_1506_box0.png
2912110816,2e10ab34-img_1728_box0.png
0291910418,31ce28f7-img_1349_box0.png
5785911116,7982c529-img_0092_box0.png
14619111416,616f0fe2-img_1951_box0.png
01270811202,4378b599-img_0040_box0.png
13915511416,2a0af09b-img_1818_box0.png
04610119916,d25cb498-img_1038_box0.png
1677260031,ccb9a03c-img_0199_box1.png
2339010809,7e7578d8-img_1908_box0.png
1244411216,9abd8f82-img_1240_box0.png
0584110343,2faa7c78-img_1550_box0.png
06168110416,51803353-img_1752_box0.png
1108510616,c1febc46-img_1596_box0.png
0932519109,2331180a-img_1002_box0.png
17733311216,d402f182-img_1293_box0.png
00439911716,192739eb-img_0000_box0.png
2897010116,da7d4eee-img_1488_box1.png
01229439916,52ff73ae-img_0604_box0.png
06714910616,653ba2d2-img_0634_box0.png
18479411316,7e064a64-img_0686_box0.png
3347711016,11b1d9e4-img_1884_box0.png
0911111448,4b60eef9-img_1677_box0.png
02218511516,60a18a34-img_1162_box1.png
01154611416,25e16f4b-img_0596_box0.png
0098430730,9fd9fb07-img_0652_box0.png
0035840135,8cc109b8-img_0130_box0.png
20985111316,98984714-img_0354_box0.png
04193619816,dad7dc44-img_1442_box0.png
02618631316,24c67e2f-img_0640_box0.png
6742210816,0d42a967-img_1104_box0.png
2912110816,b99c28af-img_1957_box0.png
0060410518,20fd151b-img_1319_box0.png
0110430818,698350b0-img_1829_box0.png
2342411206,6f183e5a-img_1412_box0.png
1933411116,5fbf3f8e-img_1484_box1.png
17711611316,b3cb6391-img_0909_box0.png
0585110343,1ee9fece-img_1530_box0.png
00954230016,29d7bad4-img_1868_box0.png
0686110616,580e1945-img_0868_box0.png
1312210806,1267119a-img_0955_box0.png
07188511716,8d2d3cc0-img_0720_box0.png
2351910816,2a8a03ed-img_1116_box0.png
07364710116,8e238793-img_0043_box0.png
0755830042,bcb65923-img_1068_box0.png
0415818643,f59d2908-img_1713_box0.png
00461611607,8a6a466c-img_0383_box0.png
06990610616,ef64aa05-img_1698_box0.png
02116319716,2c3f9c4c-img_0783_box0.png
0857011229,501db34c-img_1008_box0.png
10736911416,3ffcaaac-img_1001_box0.png
05120011516,bd1a6bf8-img_1200_box0.png
00926230016,55a2acb2-img_0743_box0.png
0468910713,338864b9-img_0455_box0.png
8170811216,97959f39-img_1161_box1.png
2199511415,557cefd9-img_1028_box0.png
07884611316,dc81e359-img_1719_box0.png
05293919916,15a346ce-img_0536_box0.png
0171611418,4f294e6b-img_1764_box0.png
03152711416,0ee64032-img_1898_box0.png
1311411435,8adcac7c-img_0843_box0.png
07256111316,932b0787-img_1365_box0.png
00837631316,d52a6436-img_0500_box0.png
11005310816,919a6305-img_0575_box0.png
06203011516,b2b21f7d-img_1368_box0.png
07223911516,fd94759a-img_1785_box0.png
0815310442,bd9345f0-img_1025_box0.png
0325819802,e14dd10b-img_0740_box0.png
0932519109,9116c610-img_0908_box0.png
0053730918,64af79f4-img_1494_box0.png
3679810816,4e0a381f-img_1051_box0.png
0676919926,b13f9201-img_0676_box0.png
08194211316,58b6cf3f-img_0090_box0.png
2458010616,dda16e82-img_1097_box0.png
11071211516,f9e69fc9-img_1715_box0.png
0857011229,303df972-img_0611_box0.png
1552811116,da265292-img_0016_box0.png
00954230016,7c556ef0-img_1789_box0.png
02618631316,a9f6fb7b-img_1042_box0.png
04163811316,15cd8d5d-img_1188_box0.png
12447111416,6edb721e-img_0924_box0.png
0792310142,c23af15b-img_1691_box0.png
0843011535,8369f503-img_0664_box0.png
7378611216,97959f39-img_1161_box0.png
0952810635,20de06e8-img_0669_box0.png
0813611510,640ebe4f-img_0970_box0.png
0828211218,2bda9830-img_1233_box0.png
00832830016,7d1bec9a-img_1946_box0.png
0406110326,b9253686-img_0606_box0.png
1967711235,f7de6363-img_1921_box0.png
07256111316,9243def7-img_1314_box0.png
50006012236,a6bda0c7-img_0360_box0.png
03330011616,0853134c-img_1614_box0.png
0495519502,a8493d24-img_0233_box0.png
1798011335,0cca3bb6-img_0478_box0.png
0071111606,7124e558-img_1448_box0.png
5152211016,a16dc05e-img_0654_box0.png
1925811321,16624812-img_1434_box0.png
0814011116,f898df11-img_1595_box0.png
3064410916,ad6aa300-img_0015_box0.png
0047510316,8ee1c403-img_0170_box0.png
2413719816,234086ae-img_0922_box0.png
02481018916,bb7793ed-img_0460_box0.png
01336110704,6c060a1d-img_0438_box0.png
0072810723,19a962ef-img_1389_box0.png
0192030943,a0a9e640-img_1398_box0.png
7313511216,841b83d8-img_0762_box0.png
05002111816,c2c9ebed-img_1096_box0.png
0653710843,39343bc7-img_1268_box0.png
12606511316,796a2fd5-img_1156_box0.png
0117019518,4e124c6e-img_1353_box0.png
3347711016,8a4f1dc1-img_1577_box0.png
2411210809,42c6f3bb-img_1859_box0.png
0676919926,acc44457-img_1019_box0.png
0108419832,15b1e791-img_1537_box0.png
1325111116,1256815d-img_1032_box0.png
3647210916,d3bc9b15-img_0167_box0.png
0426310922,0b05970b-img_1022_box0.png
09050010916,598ac237-img_1031_box0.png
1731511425,4133fe62-img_1638_box0.png
02481018916,f3580ba4-img_0459_box0.png
04062019816,c4732778-img_1575_box0.png
0351330935,be3b82f9-img_1750_box0.png
07645610816,f29226a4-img_0778_box0.png
05057311316,bb625d57-img_1493_box0.png
0154610042,92c86a75-img_0829_box0.png
01229439916,1626bbd0-img_1016_box0.png
0937218310,2e495759-img_0832_box0.png
1111510509,1b569e1c-img_0534_box0.png
1388811327,2ac29d65-img_1424_box0.png
2145911242,11fb0ca1-img_1309_box0.png
11126511516,3a72f908-img_0872_box0.png
2413719816,0367cfeb-img_1000_box0.png
1731810709,6a7996af-img_1760_box0.png
0970910016,6a4de31b-img_0069_box0.png
0882210243,5591156c-img_1808_box0.png
12799611516,758f4c81-img_0065_box0.png
0108419832,31ca7fa9-img_1517_box0.png
0380611518,1c57482e-img_1828_box0.png
0148019618,59a6af0e-img_1277_box0.png
00698131616,21f2dd18-img_0732_box0.png
03440610119,6e48e458-img_0392_box0.png
1700310609,5508a4de-img_0706_box0.png
1405831002,f927cf92-img_1605_box0.png
05162310016,6007861f-img_0746_box0.png
03082811516,80eb66df-img_1474_box0.png
1311411435,1c94794c-img_0857_box0.png
1197410834,0545fcfe-img_1318_box0.png
0287611628,1cbbbc5a-img_0976_box0.png
15176111416,8957d4c4-img_1725_box0.png
1066419009,c3db92fd-img_1568_box0.png
0388810918,bcbc4e25-img_1843_box0.png
02390731416,ae815f0d-img_0722_box0.png
09951510916,7260b1cf-img_1823_box0.png
1289611135,bd035dfc-img_0744_box0.png
2774911431,e802f037-img_1209_box0.png
2470711109,cffab8b6-img_1033_box0.png
16207711316,99311b49-img_1175_box0.png
0995510935,72948da9-img_0726_box0.png
05313711616,2b57348c-img_1889_box0.png
0698110143,3d98c973-img_1585_box0.png
10843410816,11b1ebf0-img_1542_box0.png
07505510916,981d5300-img_1043_box0.png
2846411409,bc05f4bf-img_1743_box0.png
0180811518,78b542fb-img_1600_box0.png
18479411316,39371b65-img_0969_box0.png
1300049909,026fcc92-img_1714_box0.png
0601131435,83032fa7-img_1955_box0.png
00698131616,70d1ad20-img_1011_box0.png
0900539615,1ce387f0-img_0898_box0.png
0826410143,c8e11e0c-img_1479_box0.png
0585010406,e7e68083-img_1267_box0.png
0134432409,f80e2b8e-img_0380_box0.png
09718311516,45349e0f-img_1810_box0.png
1894111009,c15daed8-img_1574_box0.png
5076311216,1488b24f-img_0059_box0.png
0481631243,6968737b-img_1806_box0.png
0768410042,2faf521b-img_1006_box0.png
05030311816,d346ae52-img_1762_box0.png
06306810616,bc2bacb2-img_0797_box0.png
06306810616,7cb1ed16-img_0897_box0.png
0450510228,345b3087-img_0979_box0.png
2119611016,3346b3be-img_0657_box0.png
2843918516,756ee663-img_1628_box0.png
1216510935,42ec8346-img_0578_box0.png
14828011416,d2459e13-img_0470_box0.png
19525311216,3042c3d4-img_0828_box0.png
0073820835,6ec94338-img_1601_box0.png
0828211218,ba80bc20-img_1237_box0.png
06765710616,aa8b5001-img_0688_box0.png
1191611243,94d8842a-img_1445_box0.png
0596510643,fed264ab-img_1461_box0.png
7230210816,b3ba44bc-img_1380_box0.png
00086912416,275c0451-img_0227_box0.png
0003820518,a4b1bd1e-img_1896_box0.png
0813611510,8b117089-img_0822_box0.png
19733211316,955b1af1-img_1772_box0.png
4114111209,77974f71-img_0936_box0.png
08569111516,5fbf3f8e-img_1484_box0.png
0180811518,7af0c0fc-img_1441_box0.png
2000911026,5910d79a-img_0250_box0.png
4075310516,9808329b-img_1064_box0.png
1109211343,a1c4c3a8-img_1681_box0.png
0554618543,626c60f3-img_1351_box0.png
01621231316,b9d70c25-img_1940_box0.png
1907111226,0b2d1bf4-img_1878_box0.png
05411511616,92f957cf-img_0172_box0.png
15168811216,b4e8b7ca-img_1850_box0.png
0601131435,1a1ece62-img_1637_box0.png
05915210416,670b4539-img_0826_box0.png
10595911116,d0fd9d45-img_1569_box0.png
1731511425,6b46fa13-img_1430_box0.png
0783110635,a5f4a695-img_1642_box0.png
0600518744,3872601f-img_1327_box0.png
5769410916,db2ed460-img_0968_box0.png
1105011025,78b55b32-img_1958_box0.png
0110539518,5705fcc9-img_1854_box0.png
09791011516,0924b9d7-img_0759_box0.png
0828211218,015b4497-img_1232_box0.png
09050010916,bd1b9355-img_0937_box0.png
0599510043,3bb2e052-img_1223_box0.png
2177318409,f982cd50-img_1933_box0.png
2582811309,38b4b34e-img_0638_box0.png
14828011416,34c7b156-img_0468_box0.png
0340919516,cd0a59d3-img_1496_box0.png
02555611305,203b9f55-img_0367_box0.png
2705411215,23f97d45-img_0763_box0.png
0861611230,540f4487-img_1058_box0.png
1352018609,cc56b5bb-img_1724_box0.png
0331130016,922b7bb5-img_1783_box0.png
2542310919,f8214993-img_1741_box0.png
0468910713,84cc920b-img_0456_box0.png
01721819616,5519dac1-img_1787_box0.png
00227521116,53eb7400-img_1167_box0.png
03493319816,3d7dd6a7-img_1487_box0.png
0142810816,ac2cf90d-img_0161_box0.png
0909539615,121415b4-img_1083_box0.png
0247511116,13ebb483-img_0745_box0.png
1006118116,767e5ebd-img_1352_box0.png
2663411309,4f1c7f74-img_1653_box0.png
0695919219,5f84c9e1-img_0581_box0.png
1158911240,ec10a42d-img_0553_box0.png
0119410318,fd808e0d-img_1498_box0.png
0077130125,9bd32f0d-img_1321_box0.png
0173730035,483f7954-img_1423_box0.png
0804018417,da561f1e-img_1014_box0.png
06981011616,6148d762-img_0571_box0.png
5512011216,8452c50a-img_1732_box0.png
1145411609,eec293f5-img_0889_box0.png
06080511516,60295325-img_0839_box0.png
14828011416,46295495-img_0473_box0.png
11116610816,a739f31b-img_0917_box0.png
01229439916,be4743f1-img_0771_box0.png
0395711914,201320a6-img_0408_box0.png
06871311516,af27d531-img_0716_box0.png
19153711216,62fa3c4d-img_0805_box0.png
0770810143,9c59726f-img_1639_box0.png
0520711018,a090df1e-img_1182_box0.png
04039811616,3cdf9dd4-img_1110_box0.png
02677318916,23f48210-img_0774_box0.png
02677318916,bc6e16f5-img_0860_box0.png
0695919219,05116ae9-img_1047_box0.png
0061418718,18f2e6f6-img_1873_box0.png
0154610042,54bd84f7-img_0928_box0.png
1666918509,e6fe5412-img_0595_box0.png
0582210343,97e9462c-img_1482_box0.png
0829710243,a2c9b34d-img_1286_box0.png
04570119916,119869b8-img_0660_box0.png
07822911125,382ca280-img_1391_box0.png
0987110743,4407aeec-img_1511_box0.png
4412010116,cd8a7c5b-img_0963_box0.png
0217419443,616d4564-img_1580_box0.png
3647210916,861b873f-img_0168_box1.png
07598711016,cdb3737c-img_1056_box0.png
1509910015,6e750ce3-img_0987_box0.png
1500420005,def259d2-img_0234_box0.png
01456311816,34ebe64f-img_1280_box1.png
4631011116,0fc39c7d-img_0855_box0.png
0217419443,1e6899d0-img_1592_box0.png
06212711616,61e672ad-img_0508_box0.png
0073820835,3f0246b4-img_1558_box0.png
04195511316,a8b2b7e7-img_0923_box0.png
0175739143,e548446b-img_1490_box0.png
0710739944,0109cd9d-img_0568_box0.png
0427110422,052f77d3-img_1388_box0.png
02720511516,3240cca1-img_1015_box0.png
0997211218,964dbf97-img_1759_box0.png
0932519109,e8728a94-img_1062_box0.png
10809411116,a939e128-img_0519_box0.png
00689711641,622b6d79-img_0412_box0.png
01102730406,e546a242-img_0350_box0.png
06080511516,b5adea98-img_0624_box0.png
02215811816,a93a0316-img_1675_box0.png
1145411609,a05c6e5b-img_0493_box0.png
2879710416,2db5f6fe-img_1100_box1.png
1809811102,a0ba300e-img_0471_box0.png
2070310019,da26ae27-img_1590_box0.png
1333510835,ea7aabf9-img_0627_box0.png
04891311316,7c1920bb-img_0527_box0.png
06765710616,22b78fb6-img_0920_box0.png
01699117316,9c6b11d4-img_1066_box0.png
09094010716,b9b22efe-img_1926_box0.png
1111510509,a26d5f4a-img_0564_box0.png
12743211416,02e1ad7e-img_1098_box0.png
2307519816,d2c4ee86-img_0497_box0.png
0686110616,fc8a0cdd-img_0807_box0.png
1405410709,6ede9680-img_1041_box0.png
07645610816,92ff2a83-img_0757_box0.png
1270931221,0a5bf5ea-img_1234_box0.png
0791111318,302743e9-img_1660_box0.png
09532210816,1c490250-img_0454_box0.png
11005310816,7a6aa284-img_0544_box0.png
0888910243,9062194a-img_1361_box0.png
0274831116,a6de8742-img_1956_box0.png
00321111419,b850b103-img_0346_box0.png
0297611018,ef555e1e-img_1664_box0.png
0599311118,2e6a0ca2-img_1515_box0.png
08794711116,bffba968-img_0845_box0.png
0449511418,1ac3a603-img_1433_box0.png
1352018609,2ecf3840-img_1807_box0.png
01303630616,18e56b2e-img_1669_box0.png
11085810816,612dd052-img_1753_box0.png
0072810723,95beea3d-img_1572_box0.png
0288639725,d9f4ed38-img_0423_box0.png
00181111516,909d1336-img_0752_box0.png
19386811216,2621567a-img_1781_box0.png
0991910735,a718a448-img_1508_box0.png
1464211843,a8aa8be2-img_0337_box0.png
1053911035,ef758bec-img_0731_box0.png
02608319016,621bd08c-img_1927_box0.png
2706111116,5582dd2f-img_1834_box0.png
0131919926,5c42f881-img_0555_box0.png
0259738743,3ad4de9f-img_1792_box0.png
2582811309,983606d3-img_0615_box0.png
04438111616,d520f5c7-img_1177_box0.png
06295310616,385cb822-img_1276_box0.png
01717510804,8c5c315e-img_0288_box0.png
14972111416,60dbfc27-img_0930_box0.png
13711611216,ace366f3-img_0996_box0.png
05162310016,cbe8b14e-img_0893_box0.png
2307519816,64aea6e5-img_0505_box0.png
0947610635,c7e25f99-img_0546_box0.png
16420611316,191f37ec-img_1544_box0.png
4412010116,5cf136ec-img_1076_box0.png
17733311216,f78abeca-img_1288_box0.png
3192711016,dfffb005-img_1003_box0.png
2332811109,05ffffda-img_1679_box0.png
14332211316,0f8d8def-img_1201_box0.png
03330011616,86afa3cd-img_1721_box0.png
0286628643,8d9719cc-img_1384_box0.png
0768410042,7a90166d-img_0689_box0.png
15268811316,60732a63-img_0450_box0.png
04419511316,c6f01859-img_0002_box0.png
0692610816,3e0a066c-img_0792_box0.png
0631110818,6ef73072-img_1245_box0.png
18520411216,d175b633-img_0694_box0.png
05920711816,018e2168-img_1121_box1.png
0945010635,9819a7b3-img_1928_box0.png
0131919926,5701fb29-img_0721_box0.png
0291910418,48811185-img_1394_box0.png
14433311416,c5ea56f8-img_1654_box0.png
02844411516,390c4ce2-img_1838_box0.png
2119611016,e1d8470d-img_0585_box0.png
20985111316,fa7a03ea-img_0353_box0.png
05162310016,537737a4-img_0942_box0.png
0583911323,5683a72f-img_1272_box0.png
1067319809,587a6a75-img_1523_box0.png
1388419816,e5219d7d-img_1485_box0.png
0554810319,f0f11715-img_1372_box0.png
1150911243,b58e6c7d-img_1613_box0.png
0330611216,faf2e889-img_1839_box0.png
0051519316,ed8915cc-img_1023_box0.png
08606710716,69d869db-img_1767_box0.png
0792310142,2c6d2e9e-img_1598_box0.png
1122011216,0c8274ea-img_0579_box0.png
00832830016,127826dc-img_1565_box0.png
0473810543,13cac3ee-img_1862_box0.png
1338210805,b566e907-img_1071_box0.png
04973511416,018e2168-img_1121_box0.png
0882210243,4ea01b0c-img_1674_box0.png
15070911316,e5016549-img_1693_box0.png
0226239635,26869b9e-img_1065_box0.png
1325111116,9901a03b-img_0953_box0.png
0910311035,106fb67d-img_1800_box0.png
07505510916,765fbe04-img_0984_box0.png
1643010816,1a371828-img_1489_box0.png
0182218247,7e8723fb-img_0793_box0.png
1119611135,2dc009e0-img_1949_box0.png
14177011416,f567628d-img_1148_box1.png
04787111416,571785bc-img_1378_box0.png
14619111416,1a9e2f1e-img_1775_box0.png
1844010815,cb68fb22-img_1510_box0.png
4075310516,d6e84e6d-img_0586_box0.png
0578910740,6afdfda8-img_1437_box0.png
0322810614,7e2eba54-img_1701_box0.png
0875711514,ecc53255-img_0427_box0.png
02368531416,a00e4cec-img_1799_box0.png
04376010316,6f6d2292-img_0702_box0.png
25993611216,93c90157-img_0165_box0.png
2788310616,da7d4eee-img_1488_box0.png
0246520816,c091f53a-img_1124_box0.png
0987110743,f18f8f5e-img_1567_box0.png
00543631516,6c011b54-img_1143_box0.png
1018611343,8b41434c-img_1408_box0.png
06884211616,34ebe64f-img_1280_box0.png
0168911243,494b7939-img_1469_box0.png
2606811009,df856fc9-img_0243_box0.png
0902510243,dd6bd05e-img_1396_box0.png
0029620019,70e6c677-img_0224_box0.png
1934110909,bee73163-img_0999_box0.png
1421911442,35b2f9a4-img_1847_box0.png
10060911116,ee1b5b49-img_1668_box0.png
11085810816,cc9e0c53-img_1863_box0.png
1798011335,38d61ace-img_0477_box0.png
11181911316,9baf0d8c-img_1538_box0.png
1166710942,eb066ca8-img_1646_box0.png
0782210035,eb977267-img_0971_box0.png
12135111416,06eb6e31-img_1737_box0.png
00837631316,414d4a46-img_0496_box0.png
0297611018,a1b828f6-img_1758_box0.png
0373311303,7becd3a3-img_0078_box0.png
12447111416,9ac76ae8-img_0794_box0.png
09066010816,2c761ac8-img_1174_box0.png
0067411303,c9897947-img_0808_box0.png
0611311216,b78f497e-img_0152_box0.png
0287611628,45d0a74c-img_0809_box0.png
07598711016,3297cfb7-img_0827_box0.png
01918419616,98995cb0-img_1560_box0.png
0585570048,9b24ad51-img_1137_box0.png
00698131616,b44a1413-img_0639_box0.png
6302711216,65fcef62-img_0770_box0.png
0818310634,a0916289-img_1386_box0.png
02295431416,5b078393-img_0539_box0.png
0745511043,a8c04611-img_1591_box0.png
3648710416,8688c2ca-img_1024_box0.png
0481718539,29905c6b-img_0836_box0.png
00193811816,369e447a-img_1152_box0.png
2582811309,b0401682-img_0901_box0.png
0273311642,92f64016-img_0717_box0.png
2736431409,646a04cf-img_1311_box0.png
08928110816,a38377dc-img_0449_box0.png
0599510043,1d81deed-img_1872_box0.png
5939610916,58e8a031-img_1587_box0.png
0582210343,ebaef50e-img_1495_box0.png
0877610243,d723f3d8-img_1671_box0.png
1616611142,ebe07cc2-img_0765_box0.png
0819319709,e7e1a918-img_1541_box0.png
5939811016,633a750e-img_0210_box0.png
0475550016,f3efdd87-img_0215_box0.png
2198211009,d73646ba-img_1081_box0.png
4114111209,447692de-img_0734_box0.png
0449511418,0f2fc44c-img_1419_box0.png
07310411316,2e945c41-img_1112_box0.png
0703210043,1604dd3f-img_1557_box0.png
0947610635,bd38376e-img_0816_box0.png
0550739916,60a18a34-img_1162_box0.png
3862210216,23a62928-img_1057_box0.png
1296711042,658108ac-img_1625_box0.png
0102039718,424da68d-img_1524_box0.png
5152211016,d08e8058-img_0556_box0.png
0571819843,00f10794-img_1529_box0.png
06423510616,b4a75b9b-img_1665_box0.png
05441631419,627abe47-img_0421_box0.png
10185810916,e81feee5-img_0844_box0.png
1463019716,bacd5d7a-img_1909_box0.png
0719618625,1bd69004-img_1255_box0.png
00305512505,b575bda8-img_0378_box0.png
1731511425,03e098b7-img_1645_box0.png
0224630014,869b9742-img_1278_box0.png
0670611207,3d83aa43-img_0576_box0.png
1587810616,b8618e88-img_0890_box0.png
04376010316,60847993-img_0990_box0.png
04740210416,fc837339-img_0630_box0.png
0244519243,49b094fd-img_1866_box0.png
07415710616,ff2623c1-img_1332_box0.png
0577231016,62b9749f-img_1826_box0.png
1463310509,cd525a06-img_1012_box0.png
0627010843,3683f30d-img_1383_box0.png
00080712416,36267d9e-img_0229_box0.png
0933811243,b9959b90-img_1203_box0.png
11005310816,9ac2e949-img_0504_box0.png
02390721416,e916b480-img_0957_box0.png
8731111216,d9a527be-img_0952_box0.png
5152211016,f4ec1193-img_0619_box0.png
0349931224,5d564899-img_1602_box0.png
0698110143,7512c1ef-img_1588_box0.png
02313611616,437db25f-img_0512_box0.png
2579911409,6c386017-img_0711_box0.png
2663411309,13f25760-img_1827_box0.png
1513118519,f6015c80-img_1317_box0.png
0110430818,a9608204-img_1514_box0.png
1943211109,cbe62df5-img_1907_box0.png
0917010743,095ff279-img_1831_box0.png
0632319716,e13a2f38-img_1392_box0.png
14836111416,afa8c421-img_1215_box0.png
0404219941,0be49d00-img_1778_box0.png
03440610119,ee40173b-img_0391_box0.png
0167711447,12e7b1de-img_0781_box0.png
0171810135,f7d36585-img_0515_box0.png
0076410909,cf2d3fff-img_1407_box0.png
06320411516,2dfcb8f2-img_1486_box0.png
10019911416,16886103-img_0038_box0.png
04584911616,8c2366bc-img_1181_box0.png
0325819802,a4002c91-img_0494_box0.png
2286211509,826a3f8d-img_0218_box0.png
0116531518,339a35ca-img_1340_box0.png
0473910718,51665fa2-img_1777_box0.png
1405831002,8e158583-img_1695_box0.png
04241110316,7e7c668a-img_0607_box0.png
03372311019,a32f4040-img_0357_box0.png
0294110518,2e42a3dc-img_1594_box0.png
04708511616,bd5449ec-img_1676_box0.png
0636311118,571fcb1f-img_1844_box0.png
1463310509,91d2a213-img_0935_box0.png
16622711116,646c1f21-img_0242_box0.png
3192111016,388dd9d6-img_1773_box0.png
04197811519,413eba7e-img_0344_box0.png
05686711616,e20be7c6-img_1822_box0.png
10809411116,c5247e8a-img_0626_box0.png
0294110518,3242a0c4-img_1607_box0.png
09952310916,cb6fa2a4-img_1917_box0.png
1166710942,c59f0adc-img_1652_box0.png
06981011616,6e7fdc2d-img_0760_box0.png
01919619516,73123912-img_1048_box0.png
1530910810,139948d2-img_1733_box0.png
0468519516,0df54e09-img_0727_box0.png
0154610042,bab5d410-img_0977_box0.png
16518611316,fcaeb8c6-img_1453_box0.png
0571819843,3cfa767f-img_1463_box0.png
11005310816,01b3319f-img_0738_box0.png
0902510243,f219341f-img_1604_box0.png
5076311216,a9c45d3b-img_0061_box0.png
0131211216,b1819f06-img_1961_box0.png
12239311616,006a624f-img_0166_box0.png
15182511416,d2103c36-img_0995_box0.png
11459711216,a652290f-img_0077_box0.png
10185810916,2a771bb8-img_1053_box0.png
05293919916,0bb6fc15-img_0565_box0.png
0102830235,324bd33e-img_0874_box0.png
02093431216,87492f67-img_0211_box0.png
1598311335,b46cf6a1-img_1812_box0.png
4669611116,42098075-img_1861_box0.png
05132911816,ff735df9-img_1163_box0.png
01413432519,aaed818b-img_0271_box0.png
0499810516,e8b333ae-img_1155_box0.png
18122111316,fe4f5647-img_1204_box0.png
12753911116,28804a14-img_1959_box0.png
7313511216,62a97222-img_0632_box0.png
1966011519,af682376-img_1534_box0.png
0861611230,8a426f9f-img_1029_box0.png
1240511002,c36fb415-img_1030_box0.png
07109211716,98bebf82-img_1186_box0.png
0462912309,f20b94eb-img_0240_box0.png
18872311316,fb20ae51-img_0879_box0.png
0047510316,63b68b57-img_0169_box0.png
0963111343,f3c8d977-img_1832_box0.png
19067411316,f958876e-img_1471_box0.png
0416419044,5fee27a4-img_1920_box0.png
0421411839,f3445120-img_1133_box0.png
19067411316,64a8284e-img_1478_box0.png
0452131325,7ebc8397-img_1629_box0.png
04267911416,a85ac013-img_1936_box0.png
11405011216,0fb70585-img_0208_box0.png
1840011342,efa7f1b3-img_1562_box0.png
09280910716,775c8208-img_1432_box0.png
5076311216,987e6f25-img_0060_box0.png
19375311216,ada2713e-img_1347_box0.png
0600518744,b34b6da7-img_1300_box0.png
1311411435,b20bb769-img_0631_box0.png
0226239635,0eedb10f-img_0915_box0.png
00499611516,697bfa1b-img_0833_box0.png
0330611216,06d670fa-img_1468_box0.png
1425219909,bcfbb8f2-img_0587_box0.png
1388811327,020fa27c-img_1795_box0.png
1809811102,154f366a-img_0472_box0.png
02445531116,009995c3-img_1313_box0.png
06212711616,645011a0-img_0506_box0.png
0882811035,0fbfc127-img_1119_box0.png
0352118618,c9e84dbd-img_1836_box0.png
1907410709,6b3384c7-img_1796_box0.png
0552710918,a10cf433-img_1429_box0.png
08608011416,7819899c-img_1716_box0.png
09050010916,83f0ffb8-img_0655_box0.png
3228431419,1e8aa3ef-img_1449_box0.png
01130511316,bec89e06-img_1343_box0.png
0235017516,baac19c8-img_1612_box0.png
18227111216,84af32e5-img_0725_box0.png
00698131616,eaf5cd36-img_0572_box0.png
3322710616,4810a2c7-img_0463_box0.png
00675011716,8e1fdf71-img_0661_box0.png
3704110716,47100a44-img_0925_box0.png
12762511116,fd131c29-img_1952_box0.png
0297611018,d7f2706c-img_1622_box0.png
0846719925,dd647a7a-img_1745_box0.png
0481631243,9ddf6c7e-img_1837_box0.png
2336090016,2748d048-img_1127_box0.png
04232510316,c5b1fcb9-img_1149_box0.png
1723911009,5c45413b-img_0480_box0.png
11326811216,682ddd99-img_0212_box0.png
04062019816,f4e694e9-img_1559_box0.png
0554810319,f0dd25c2-img_1422_box0.png
00499611516,88c20153-img_0858_box0.png
02608319016,147847e8-img_1670_box0.png
3672211016,0fe83df9-img_1672_box0.png
14982011416,93908e5a-img_1013_box0.png
0599311118,a1c0bd87-img_1425_box0.png
4412010116,89bff405-img_0978_box0.png
0627731201,39a4586f-img_1298_box0.png
02445531116,82b719ab-img_1296_box0.png
0023640016,f567628d-img_1148_box0.png
2750018416,948103c9-img_1707_box0.png
0184310618,abf63d70-img_1880_box0.png
0067411303,07c784cf-img_0674_box0.png
01699117316,8e2047bf-img_0870_box0.png
3769310116,56169b21-img_0841_box0.png
1587810616,8ceaaf71-img_0926_box0.png
02460911616,1b83fde6-img_1141_box0.png
0772611725,ac635faa-img_0414_box0.png
0684710505,9dd2bb22-img_0910_box0.png
1819911306,1692da6c-img_1356_box0.png
03440610119,ad10ff79-img_0390_box0.png
2336090016,b98a1d9b-img_1123_box0.png
18520411216,ed49a507-img_0573_box0.png
0029620019,4f0c5ac5-img_0223_box0.png
0361510018,08b1acb7-img_1458_box0.png
01303630616,4b14a232-img_1902_box0.png
07645610816,56ec528a-img_0545_box0.png
0148019618,04471b24-img_1284_box0.png
04799910016,c0cc499a-img_1126_box0.png
0294110518,049d774b-img_1570_box0.png
1822411309,fb84182b-img_1811_box0.png
0321811525,20c12ea9-img_0332_box0.png
0572910740,5bb8e384-img_1547_box0.png
0421411839,686a3ae4-img_1157_box0.png
11435811116,413edd57-img_1436_box0.png
00183312419,b381a3c2-img_0376_box0.png
12447111416,b0180fad-img_1080_box0.png
0861611230,8a7c8605-img_0875_box0.png
04143210016,dd401798-img_1586_box0.png
11435811116,27554478-img_1899_box0.png
18960511316,154b5b96-img_0697_box0.png
12647711116,e77f7924-img_1459_box0.png
07223911516,b9d1ae09-img_1841_box0.png
02892031216,572a4605-img_1906_box0.png
02200911516,18d55fd4-img_0489_box0.png
3704110716,c81fa5b7-img_0825_box0.png
0328319743,13b38b9d-img_1533_box0.png
1966011519,d07897db-img_1473_box0.png
4534710516,12213d8a-img_1915_box0.png
05956511616,e25080c3-img_1178_box0.png
12295311116,108ca877-img_1893_box0.png
06283310516,da780b77-img_0997_box0.png
09259910716,d40ffe11-img_1694_box0.png
09856911116,87347de1-img_1344_box0.png
1822411309,def317b2-img_1765_box0.png
0469910035,4bb87448-img_0617_box0.png
2160910719,ff9bec88-img_0529_box0.png
1666918509,d4cdc239-img_1755_box0.png
0410630935,a03683e0-img_0837_box0.png
09050010916,cfab599d-img_1900_box0.png
08637411416,455824b1-img_1860_box0.png
04197811519,ac493939-img_0343_box0.png
10623411516,d4c7bff4-img_1227_box0.png
1328619316,ed5ba531-img_1611_box0.png
0538910243,8d67b731-img_1415_box0.png
1240710009,2c605dff-img_1281_box0.png
0266919243,48e34404-img_1376_box0.png
3805411209,ec3a0163-img_1304_box0.png
06080511516,2d912d2f-img_0570_box0.png
0356211517,191ccd78-img_1960_box0.png
2867411419,116c4e82-img_1505_box0.png
2119611016,81eb5af2-img_0695_box0.png
0955210642,5e4dfc92-img_0599_box0.png
8084111216,5af2db00-img_1115_box0.png
0703210043,c8092e87-img_1624_box0.png
10544311316,6b9d47bc-img_1089_box0.png
0102830235,ce549cb2-img_0620_box0.png
0755830042,69ce7e2c-img_0679_box0.png
1325111116,2b362514-img_0985_box0.png
09184710716,f945150e-img_0946_box0.png
09711911416,5afe4da9-img_0157_box0.png
05428810416,e5acb424-img_0531_box0.png
0185011713,55eff6b8-img_1208_box0.png
0060030215,e82cc96a-img_1198_box0.png
0288639725,00c4084f-img_0422_box0.png
06765710616,20bb4db9-img_0775_box0.png
08608011416,5c29686c-img_1935_box0.png
00321111419,194c9dc2-img_0347_box0.png
7683511116,1371ce8e-img_0469_box0.png
0233119443,2e02529c-img_1659_box0.png
0232530714,9dd6d61a-img_1220_box0.png
09791011516,76496249-img_0605_box0.png
0224630014,72ff7535-img_1291_box0.png
1288211325,0f8ddf90-img_1663_box0.png
4719211116,43b64976-img_1236_box0.png
03493918116,89f90b44-img_0852_box0.png
2160910719,55302fae-img_0530_box0.png
06002311516,25460e0e-img_0699_box0.png
0463011543,49091a2d-img_1357_box0.png
0857011229,39393121-img_0903_box0.png
12647711116,a7b1749d-img_1371_box0.png
0427910643,18aadf7c-img_1513_box0.png
06158710416,06fde8c5-img_0956_box0.png
1677510942,7a307441-img_0241_box0.png
0711311510,8a96aa5e-img_1017_box0.png
0442231105,8f1fccd7-img_1667_box0.png
0717630242,229a64a2-img_1020_box0.png
1490719616,57192e6c-img_1452_box0.png
1682910619,467533bb-img_0642_box0.png
0791611526,349d9f9e-img_0419_box0.png
4220911216,6ccc74de-img_0950_box0.png
5890911216,2a7c5ec1-img_1501_box0.png
1355030109,45f01e28-img_1871_box0.png
01577811316,57c240f5-img_1852_box0.png
14972111416,744180c3-img_0785_box0.png
1355030109,0e9a9e53-img_1931_box0.png
1958811321,a93015be-img_1265_box0.png
0017640018,a9bf3e46-img_1626_box0.png
1003410743,3271b6c5-img_1879_box0.png
05187911516,5f51d497-img_1044_box0.png
0184811848,9320835b-img_1888_box0.png
08928110816,67f233d8-img_0453_box0.png
04787111416,001f325e-img_1366_box0.png
0383511016,2b4c9ac7-img_1160_box0.png
0584110343,8f453cf4-img_1650_box0.png
0070815816,bb8c64bb-img_1176_box0.png
0692610816,7dc63307-img_0641_box0.png
19733211316,11d65cb1-img_1635_box0.png
01355710734,132ecdfe-img_0382_box0.png
2269619916,ac52adb6-img_0864_box0.png
0208631418,86b72816-img_1190_box0.png
09184710716,667363de-img_0776_box0.png
5769410916,ba809059-img_0559_box0.png
0102039718,71bc56ef-img_1499_box0.png
0829710243,c9ee0ccf-img_1283_box0.png
00698131616,e74418b6-img_0958_box0.png
0675910235,bb7d2bce-img_1769_box0.png
2610811242,73f49f61-img_0798_box0.png
8731111216,91108812-img_0488_box0.png
11840711716,f51bce8a-img_0348_box0.png
0658010342,c9e837cd-img_1640_box0.png
0182218247,29a169f6-img_0819_box0.png
5076311216,26edc013-img_0063_box0.png
0120439435,cea05bcb-img_0662_box0.png
05607010416,7fe82877-img_0900_box0.png
06871311516,f117f06d-img_0551_box0.png
06842611316,3ca5c487-img_0635_box0.png
0991910735,c6813a00-img_1784_box0.png
01413432519,f32d1cbe-img_0272_box0.png
18227111216,2a8a9c45-img_1079_box0.png
0247511116,4fdcf2ed-img_0986_box0.png
4124510516,89beda13-img_1697_box0.png
09094010716,b721326d-img_1554_box0.png
12332811416,1658f877-img_1095_box0.png
06080511516,2d70b6cd-img_0811_box0.png
0880811218,e1fb6604-img_1643_box0.png
2605811242,be9736f9-img_1454_box0.png
07530211616,b2a43547-img_0707_box0.png
11308611516,357c35fd-img_0704_box0.png
02116319716,2490a4dd-img_0583_box0.png
02833031116,2f4dcf6e-img_1331_box0.png
5388511016,96f0cf6a-img_0204_box0.png
1425219909,ca05d4bc-img_1050_box0.png
0176610443,37d23ac4-img_1620_box0.png
18098611216,3bf936bf-img_1938_box0.png
15070911316,067cbc22-img_1687_box0.png
0554810319,f733d161-img_1360_box0.png
0863610116,6370d121-img_0723_box0.png
1649240031,ccb9a03c-img_0199_box0.png
0368040048,01d5e787-img_1146_box0.png
0356211517,02e15a5b-img_1766_box0.png
0861611230,f15189af-img_0768_box0.png
04267911416,67bf4fb7-img_1618_box0.png
06847110616,3f404553-img_0812_box0.png
0816110405,a806866e-img_1706_box0.png
0321811525,613c4beb-img_0331_box0.png
0947411407,e5c756a0-img_0200_box0.png
08606710716,644de478-img_1763_box0.png
00926230016,e72a0e62-img_0859_box0.png
0410630935,f47d65f6-img_0526_box0.png
07212510616,914c216d-img_1748_box0.png
0428319727,15a02388-img_1722_box0.png
0160919318,63bb91df-img_1552_box0.png
11210311516,6526cc39-img_1651_box0.png
0427910643,5d01a7ee-img_1329_box0.png
0596510643,27da74d0-img_1531_box0.png
08325110716,cc6acb8b-img_0457_box0.png
0818310840,05d80c0a-img_0352_box0.png
12295311116,c0ca3a54-img_1641_box0.png
0640819935,5ddd7beb-img_1801_box0.png
0670611207,33980730-img_0854_box0.png
07188511716,24282734-img_0788_box0.png
1005611035,df222295-img_1821_box0.png
0140231018,5b007fa6-img_1553_box0.png
07279211416,e5679038-img_1207_box0.png
06871311516,f64c95a3-img_0799_box0.png
0699410628,d931355e-img_1438_box0.png
01527211319,87b66a1c-img_0385_box0.png
4114111209,9bc3dd8d-img_0750_box0.png
0770810143,b4db023b-img_1535_box0.png
1967711235,43f071c1-img_1942_box0.png
0900511435,453d2704-img_1090_box0.png
03951411416,78a18d7e-img_0703_box0.png
1709011142,e574b0df-img_1242_box0.png
0982619816,1e4f62a1-img_1435_box0.png
2890819916,c8e5882e-img_1845_box0.png
0328319743,cc91785f-img_1749_box0.png
50020912219,b50faa20-img_0405_box0.png
01733511716,750bafb9-img_0767_box0.png
0599510043,4f5682fe-img_1222_box0.png
1320310742,e5e3a130-img_1266_box0.png
01097111416,22d8acd4-img_1546_box0.png
03431310316,d6066fc6-img_1170_box0.png
0610719943,5ef74347-img_1359_box0.png
0387611042,afba3cdc-img_0466_box0.png
1807710716,24d9f3a1-img_0795_box0.png
1124110842,0b33c511-img_0451_box0.png
4671910616,a8d2edd5-img_1228_box0.png
00305512505,c5638fb9-img_0377_box0.png
2705411215,fba5cc31-img_1069_box0.png
05364311816,3aea4bfc-img_1224_box0.png
06083111616,0b29c0c0-img_1254_box0.png
06842611316,f15b0633-img_0645_box0.png
01577811316,e9c55cd6-img_1870_box0.png
04197811519,a4be843b-img_0342_box0.png
1411310802,061bf97b-img_0947_box0.png
0577419835,97581435-img_1589_box0.png
0452131325,24657401-img_1563_box0.png
0684710505,aadd87cc-img_1035_box0.png
0814011116,a47b6e76-img_1855_box0.png
0255038743,255e32c6-img_1382_box0.png
4124510516,813a90e5-img_1491_box0.png
04664711219,8e88717c-img_0393_box0.png
0879610143,2f066a31-img_1735_box0.png
08588611516,2a2d00ae-img_0848_box0.png
1557610516,f02894ae-img_0184_box2.png
0826410143,c1de7f6f-img_1578_box0.png
0218619742,2a27c6ff-img_1072_box0.png
00689711641,1e99f755-img_0413_box0.png
01154611416,e36c625f-img_0528_box0.png
04195511316,91a97fdc-img_1061_box0.png
0701210035,799efa7f-img_1556_box0.png
07530211616,8d26faac-img_0490_box0.png
07489411416,40a63d7f-img_1593_box0.png
08703611516,1542ca87-img_1761_box0.png
0218619742,e293948e-img_0518_box0.png
0555519409,3198bf04-img_1369_box0.png
0356511041,de074a68-img_1703_box0.png
1464211843,13f0bd26-img_0338_box0.png
08164611416,1e5980a2-img_0429_box0.png
1018611343,9abe48dd-img_1444_box0.png
08743010916,15a9e8e0-img_1551_box0.png
00378420916,365c5920-img_1193_box0.png
0406931135,2912bd21-img_1466_box0.png
07538311316,b6786c4a-img_0058_box0.png
04095811716,0f6755af-img_0584_box0.png
01527211319,c953a3e5-img_0384_box0.png
12709511116,84b6625e-img_0849_box0.png
04053011816,362ff4f1-img_1164_box0.png
0375210818,d20ced95-img_1699_box0.png
0115010842,f6b1e361-img_1260_box0.png
2558711242,be4f5f7a-img_1718_box0.png
14433311416,d8b778b4-img_1615_box0.png
11308611516,8e03793b-img_0944_box0.png
1712710906,933ca0c0-img_1702_box0.png
1213111243,98f1c947-img_1225_box0.png
08325110716,3bf1454b-img_0458_box0.png
05679110416,b75b0d8c-img_1634_box0.png
0172911742,c12e75d5-img_1054_box0.png
0035619011,20384117-img_1136_box0.png
10948711316,a290dcb2-img_0784_box0.png
0208611306,bd4667b1-img_1179_box0.png
10595911116,989c1c89-img_1655_box0.png
0463011543,f7995d97-img_1582_box0.png
0426310922,ea6f7932-img_0683_box0.png
18840711316,abd01a62-img_1913_box0.png
05827611516,1a66acbe-img_1803_box0.png
05428810416,3e906cad-img_0511_box0.png
5076311216,703c186d-img_0067_box0.png
1700310609,2a6071ee-img_0838_box0.png
2386411116,f6186632-img_1269_box0.png
3820810616,9022af87-img_1696_box0.png
1907410709,fbfcb085-img_1853_box0.png
0003411325,20ee0db1-img_1464_box0.png
0480410443,b08288a2-img_1610_box0.png
08210811416,3db69cc9-img_0499_box0.png
11116610816,dba7b96a-img_0804_box0.png
06847110616,e69265f9-img_0906_box0.png
0571819843,fc1c5905-img_1540_box0.png
2119611016,37eed58e-img_1052_box0.png
08852110916,0b013a66-img_1409_box0.png
06765710616,1842a9e5-img_0780_box0.png
0966411218,49a93b51-img_1417_box0.png
9734510916,f02894ae-img_0184_box3.png
08588611516,53b76076-img_0625_box0.png
0168911243,56c9607d-img_1476_box0.png
1214611542,9dec9dea-img_1172_box0.png
09856911116,db6ba796-img_1338_box0.png
0568011521,e04764cf-img_1815_box0.png
04033811516,720a6bd9-img_0934_box0.png
0694811443,0ee8a8ea-img_1726_box0.png
02003431316,46673d46-img_1294_box0.png
0259010046,1f0d0165-img_0973_box0.png
1158911240,1327d650-img_0840_box0.png
01721819616,23b4a8d4-img_1403_box0.png
01355710734,3aa7b213-img_0381_box0.png
06046310416,f9c10c39-img_0992_box0.png
5891411116,c7c0f7e5-img_1526_box0.png
1150911243,0adb79cc-img_1877_box0.png
1894111009,43a7ed1e-img_1740_box0.png
0506618643,f2c92235-img_1377_box0.png
02246630014,a34a1e32-img_1274_box0.png
1500470005,def259d2-img_0234_box1.png
0203919643,13aac254-img_1420_box0.png
0361510018,ec2020b8-img_1520_box0.png
0154810042,5f621d8b-img_0867_box0.png
0915011016,bfd067a8-img_1886_box0.png
0717630242,1de819b3-img_0636_box0.png
03082811516,0ea29b74-img_1704_box0.png
0761710242,c871c23b-img_0590_box0.png
0174419918,7d80d4e0-img_1780_box0.png
02328412316,ab87c00b-img_0221_box0.png
01499311504,b54824b6-img_0402_box0.png
2386411116,ed8ab46f-img_0474_box0.png
04740210416,258946db-img_1046_box0.png
1934110909,8acf5076-img_0769_box0.png
1425219909,067a54f7-img_1049_box0.png
11126511516,3c97aef0-img_1077_box0.png
02467911716,d7b9d48d-img_1007_box0.png
2976811116,3d3ee2dc-img_1897_box0.png
1192410206,b7291569-img_1644_box0.png
0245711543,52552140-img_0430_box0.png
3704110716,5d025bf5-img_0597_box0.png
08149811016,66cc072b-img_0209_box0.png
3192711016,0593c446-img_0877_box0.png
0523011018,5d878059-img_1262_box0.png
3126110716,88833057-img_1856_box0.png
04033811516,8c17714f-img_1078_box0.png
09375111316,f3b24e72-img_0501_box0.png
0627010843,fb322478-img_1341_box0.png
06765710616,43917414-img_0739_box0.png
2396510819,60202219-img_1791_box0.png
1333510835,0bde1e92-img_0491_box0.png
10098110916,9c4a8f1d-img_1802_box0.png
05162310016,86bd18b7-img_0684_box0.png
0589210443,6745665f-img_1477_box0.png
05624410516,0a4ed302-img_0779_box0.png
5890911216,a75c3f8d-img_1684_box0.png
04241110316,b2a684b0-img_0749_box0.png
13112811416,cf472d6b-img_1948_box0.png
0709911443,a8c66282-img_1608_box0.png
2351911202,2ea3b4ec-img_0851_box0.png
16518611316,0aa9d7b2-img_1729_box0.png
09157810816,dda0864d-img_1912_box0.png
0796510535,939230e6-img_1302_box0.png
06114111430,bfff1fd9-img_0876_box0.png
05720811316,ab3f966c-img_1290_box0.png
0459110218,8d1ed6b5-img_1336_box0.png
0060410518,437d0a12-img_1307_box0.png
09082111516,fe975dc7-img_0580_box0.png
15363311316,d31a64e7-img_0213_box0.png
03431310316,8762ffdc-img_1102_box0.png
1943911525,dd11a07f-img_0356_box0.png
1124110842,d838a04d-img_0452_box0.png
0863610116,da1f523f-img_0600_box0.png
2605211409,fade15a3-img_0853_box0.png
0568011521,e70411e3-img_1636_box0.png
1700310609,43fde18a-img_0888_box0.png
3292110516,ef9afdb0-img_1865_box0.png
1001911218,60f05283-img_1246_box0.png
07851310916,e2a8127d-img_1075_box0.png
1005611035,396853cc-img_1922_box0.png
09044810916,6955b96d-img_1782_box0.png
1373319916,059a723f-img_1257_box0.png
5013911016,59b3ffe0-img_1168_box0.png
03128811919,2ce46d33-img_0364_box0.png
1213111243,7ea854a1-img_1226_box0.png
00447318605,0715dc65-img_0339_box0.png
01577811316,07cdf961-img_1894_box0.png
19519211316,1f1470ac-img_1125_box0.png
1257911015,6fea39c4-img_0475_box0.png
10577310816,f0561c12-img_1819_box0.png
0886010143,97257941-img_1426_box0.png
6499711216,335083d7-img_0046_box0.png
0266919243,91713c09-img_1509_box0.png
13420411416,5bf4a431-img_0772_box0.png
10371210916,83bee9ec-img_1219_box0.png
0388810918,9e9c048e-img_1793_box0.png
0541311418,7a410153-img_1890_box0.png
0334710516,f02894ae-img_0184_box6.png
1301610431,be6a3dc0-img_0672_box0.png
0687010402,b681b5e8-img_0800_box0.png
2578811242,7f7d6b3b-img_0658_box0.png
13420411416,bd42c4ff-img_0892_box0.png
1701219116,45783b62-img_0649_box0.png
0234030048,a543505a-img_1183_box0.png
3045111016,ce67f587-img_0904_box0.png
1191611243,d3aa6ad8-img_1527_box0.png
05679110416,775aa605-img_1579_box0.png
05915210416,2da38d94-img_0755_box0.png
0816110405,aace139c-img_1470_box0.png
0419910118,72e2626b-img_1539_box0.png
2131510716,86470b85-img_0485_box0.png
03032211243,15df1b37-img_0341_box0.png
1437940016,f02894ae-img_0184_box1.png
2145219916,644c96b2-img_1835_box0.png
02654411316,b5b0caca-img_0993_box0.png
1676311116,214c1dfa-img_0733_box0.png
02467911716,34d6fd66-img_0710_box0.png
09375111316,1d24250a-img_0495_box0.png
05162310016,629a7de3-img_0681_box0.png
6868611216,6db90cd9-img_0754_box0.png
09711911416,eb28362f-img_0155_box0.png
0966411218,e2b02c94-img_1364_box0.png
1840011342,9103eff0-img_1883_box0.png
4719211116,3b3782de-img_1238_box0.png
0994610315,ea452bc9-img_1270_box0.png
04595911616,d20b9204-img_0582_box0.png
1307611506,a5d4455f-img_0714_box0.png
0247511116,c9442a06-img_0921_box0.png
11210311516,5b54110e-img_1954_box0.png
05607010416,889e85b6-img_1055_box0.png
01214518404,eea8cde2-img_0434_box0.png
09856211016,8be52982-img_1009_box0.png
0458010842,3125c390-img_0682_box0.png
08607810816,b3cff1dc-img_1301_box0.png
0811019709,89afe269-img_0911_box0.png
0694911118,f69036e3-img_1387_box0.png
0861611230,0bf13796-img_0789_box0.png
04740210416,6b5f0c34-img_0601_box0.png
01093912319,27863ef1-img_0388_box0.png
09050010916,829a8fbd-img_0675_box0.png
2209718409,58f63a69-img_1662_box0.png
0283811409,652bcdd6-img_0736_box0.png
06842611316,09e7439d-img_0509_box0.png
19209911216,8e9a499b-img_0905_box0.png
0388410618,b523d116-img_1790_box0.png
1301610431,28d929a8-img_0974_box0.png
0919819619,49ab172c-img_1522_box0.png
19396611216,8d98fa20-img_0912_box0.png
0698110143,6572e986-img_1734_box0.png
01097111416,6b9435f6-img_1566_box0.png
0051519316,3a3458e5-img_0656_box0.png
03638811316,8a831990-img_0659_box0.png
00906711716,1cbb9fcd-img_1184_box0.png
1311411435,a12281e8-img_0899_box0.png
2145911242,0a555df3-img_1303_box0.png
0283811409,eb2ab965-img_1018_box0.png
3159310616,f02894ae-img_0184_box0.png
0480611018,4cc9a80a-img_1292_box0.png
04595911616,be0122f8-img_0818_box0.png
1792311109,ad2b331d-img_1756_box0.png
0670611207,d5ced8a0-img_1320_box0.png
09711911416,2d2d1bea-img_0156_box0.png
0235017516,9bdfb664-img_1619_box0.png
03806511716,829f55b6-img_0386_box0.png
0275811625,a93a8226-img_1330_box0.png
02200911516,100b453d-img_0486_box0.png
00241912305,81c17c82-img_0328_box0.png
0261219518,9bdd69c8-img_1446_box0.png
05543811716,d80a73e4-img_0691_box0.png
1104710935,58a3f1eb-img_0748_box0.png
18425511316,b2250f26-img_1196_box0.png
19190311316,6824c37b-img_1144_box0.png
1762810019,27687a40-img_1549_box0.png
1717210119,81f08df1-img_1885_box0.png
0361910016,7cdedeb1-img_0948_box0.png
05720811316,0b65fc5b-img_1306_box0.png
0774410535,a76d1cdc-img_1084_box0.png
1074111027,5912aea4-img_1545_box0.png
3045111016,8658b1b1-img_1067_box0.png
5939610916,3e89662b-img_1937_box0.png
4428911016,473c222f-img_1903_box0.png
0953810235,5ff81321-img_1094_box0.png
4920711116,4c77533e-img_0719_box0.png
15182511416,05f6a836-img_0563_box0.png
2501611409,208a22b1-img_1599_box0.png
1707810816,f02894ae-img_0184_box5.png
09159410916,4bf9db87-img_0566_box0.png
0597110443,648a3f53-img_1774_box0.png
5814611016,06d3f338-img_0862_box0.png
03431310316,36e6bfbb-img_1171_box0.png
03128811919,2b331ea3-img_0365_box0.png
3805411209,e3ef0602-img_1308_box0.png
3045111016,78013b78-img_0666_box0.png
0490211118,8faaefdd-img_1813_box0.png
0465811116,96be588c-img_1244_box0.png
0761710242,b83d3546-img_0558_box0.png
1053911035,744c26e5-img_0941_box0.png
0849210943,7f4a5834-img_1447_box0.png
01048511716,df91fe09-img_0541_box0.png
3704110716,2c9cf221-img_1074_box0.png
09086111016,36b268c7-img_0880_box0.png
0136639943,9a24356b-img_0397_box0.png
0573631034,a2a9d280-img_1857_box0.png
0682839309,9161893e-img_0882_box0.png
08536011116,2e11f320-img_0461_box0.png
02418711616,41a3eb61-img_1197_box0.png
03951411416,78183c99-img_0653_box0.png
04868810416,bdccd8f5-img_0871_box0.png
0105611918,6e8550a1-img_0265_box0.png
16968511316,b65cb804-img_0817_box0.png
14589711416,a7ce99b8-img_1842_box0.png
0839911809,3fe3e099-img_1166_box0.png
9745250016,9d97cfcd-img_1114_box0.png
03372311019,4c388d23-img_0358_box0.png
07415710616,57439959-img_1326_box0.png
5013911016,f04cdf4d-img_0786_box0.png
0880811218,c35f3570-img_1503_box0.png
1807710716,36167f4b-img_0715_box0.png
10375010916,1a3bb82c-img_1690_box0.png
2116310816,55778a51-img_0622_box0.png
01130511316,8866e1d8-img_1395_box0.png
0777411318,d09e67ce-img_1455_box0.png
0111339718,e60040d8-img_1375_box0.png
18520411216,32d13729-img_0696_box0.png
6868611216,2682d113-img_0802_box0.png
0427910643,1ef8a1e3-img_1414_box0.png
3704110716,c4a117dd-img_0520_box0.png
11348011516,4b081b19-img_1923_box0.png
04183819816,ebe8ba5c-img_1027_box0.png
09881510816,584e1a00-img_1279_box0.png
06847110616,50d6becf-img_0803_box0.png
0380611518,09dfe6a1-img_1705_box0.png
0982619816,75fe5736-img_1390_box0.png
0627731201,a0e7bd45-img_1295_box0.png
10393210916,bf876c00-img_1632_box0.png
04909111316,72fb4dd7-img_0532_box0.png
06043910616,1d9ee05a-img_1516_box0.png
00241912305,540ef922-img_0327_box0.png
1312210806,5a47f0be-img_0753_box0.png
0886010143,71b132c3-img_1451_box0.png
07895410916,28d134f6-img_1492_box0.png
0783110635,54e84ae1-img_1712_box0.png
0226239635,d5269fab-img_0521_box0.png
0381119918,019d6391-img_1943_box0.png
2578811242,a6af72e9-img_0820_box0.png
0782210035,df4277ba-img_0554_box0.png
0019511530,dd30a602-img_1129_box0.png
0334311235,dc255a1f-img_0616_box0.png
18520411216,8d84e932-img_0884_box0.png
0963810409,424b1cb2-img_0919_box0.png
0273311642,f452b478-img_0735_box0.png
02855511304,911722b9-img_0425_box0.png
5814611016,05301ccf-img_0513_box0.png
19153711216,b031eb6e-img_0850_box0.png
04595911616,5f62267f-img_0894_box0.png
09159410916,0dfed099-img_0718_box0.png
7597911216,e8181e35-img_0873_box0.png
00906711716,96987f1b-img_1106_box0.png
04183819816,ba42e381-img_0913_box0.png
01332211816,cf40155b-img_1128_box0.png
05248211316,17b64bd2-img_1848_box0.png
06283310516,158aefe0-img_0806_box0.png
05443410116,0eb9e277-img_0522_box0.png
03287911316,d4f70652-img_1107_box0.png
0005410216,f02894ae-img_0184_box7.png
1312210806,fb777793-img_0560_box0.png
0480611018,5e687f25-img_1287_box0.png
1943911525,fbf4d9d9-img_0355_box0.png
11353411516,9b8dca68-img_1428_box0.png
1267111506,d7e04c6e-img_1205_box0.png
2092711343,afc45737-img_0411_box0.png
11979511116,a3c44598-img_1411_box0.png
18872311316,99bb3d1b-img_0883_box0.png
15026811416,41242cc2-img_0758_box0.png
0200011832,f59c0567-img_0442_box0.png
03376611919,a1ec1ed4-img_0432_box0.png
0954210028,f569b10c-img_1397_box0.png
0955210642,3e7ce0eb-img_0887_box0.png
0738111318,96af3375-img_1334_box0.png
0272011322,db92ddb6-img_1111_box0.png
2142019916,449f1fbd-img_1185_box0.png
00183312419,d6d048ec-img_0375_box0.png
0356211517,1d0dd8bd-img_1916_box0.png
6499711216,80068228-img_0044_box0.png
00378420916,365c5920-img_1193_box2.png
06617011416,2aac4997-img_0481_box0.png
04267911416,ef12392f-img_1742_box0.png
2160910719,3524ad90-img_0540_box0.png
19366311316,0c4a7400-img_1771_box0.png
0208611306,78683d18-img_1192_box0.png
0738111318,1ed5f7b2-img_1402_box0.png
07635211616,90bc8225-img_0959_box0.png
0533111635,a6eedece-img_0933_box0.png
02654411316,824ec530-img_1026_box0.png
09256010716,7b5d1fa6-img_1941_box0.png
0005410216,f02894ae-img_0184_box4.png
11353411516,a88b9468-img_1751_box0.png
11005310816,290d88c8-img_0701_box0.png
06080511516,2ee8ca7d-img_0821_box0.png
0952810635,d3bf80f1-img_0961_box0.png
01174711916,4dba869f-img_1820_box0.png
2000911026,c4a8928d-img_0252_box0.png
01093912319,c2434b82-img_0387_box0.png
13115011316,5c517817-img_0589_box0.png
03431310316,90dabf82-img_1173_box0.png
0308011335,90ea0a33-img_0621_box0.png
09082111516,38a86769-img_0730_box0.png
0697410043,0c071a1a-img_1710_box0.png
0924710005,2f6a8a40-img_1910_box0.png
0362211518,9d2e771b-img_1918_box0.png
07568911616,d87ed836-img_0830_box0.png
05912010216,305db3fd-img_1525_box0.png
0873116716,e3d3e4af-img_1213_box0.png
0203919643,dfc4c8c6-img_1339_box0.png
08536011116,5bb8f278-img_0462_box0.png
0791111318,3776a3ef-img_1465_box0.png
0577419835,575d34e8-img_1666_box0.png
0572910740,65720f31-img_1521_box0.png
2705411215,33252caa-img_0869_box0.png
11005310816,a607e15c-img_0562_box0.png
0356511041,7c5b7685-img_1689_box0.png
2403111306,3019717c-img_1709_box0.png
0117218725,5feb5d78-img_1711_box0.png
2000911026,b32f388b-img_0251_box0.png
1310119909,c0df70ac-img_1623_box0.png
0572910740,118200ce-img_1581_box0.png
0416310725,dcc1b54e-img_1518_box0.png
05003310116,eb5c13d1-img_0610_box0.png
0523011018,55a0bd9f-img_1271_box0.png
0924710005,0c787fd2-img_1930_box0.png
0631110818,32576090-img_1247_box0.png
0200011832,b43cb27d-img_0441_box0.png
09197111316,9f2f18be-img_1241_box0.png
50020912219,e917f570-img_0406_box0.png
2792310416,5c24e33e-img_1169_box0.png
5518110716,d368ddb0-img_0516_box0.png
0427110422,167ad597-img_1905_box0.png
14589711416,200ba5d6-img_1656_box0.png
04740210416,195deb71-img_0881_box0.png
50006012236,c76dab31-img_0359_box0.png
10244311516,3ea5fa45-img_1092_box0.png
1819911306,a792df57-img_1374_box0.png
00181111516,df94ceb9-img_0705_box0.png
0804018417,692ad183-img_0918_box0.png
0214111418,f7ea7b75-img_1342_box0.png
03376611919,a8940af0-img_0433_box0.png
0218619742,a11eb26b-img_0577_box0.png
00022011816,8f511c3e-img_1159_box0.png
09157810816,f8c88cb5-img_1849_box0.png
0233119443,c5e5ca12-img_1736_box0.png
07568911616,36c33c05-img_0523_box0.png
0840510143,375eb3a9-img_1248_box0.png
01919619516,3648d383-img_0637_box0.png
0777411318,33dca718-img_1367_box0.png
2578811242,f6020054-img_0698_box0.png
15168811216,1504f4bd-img_1040_box0.png
1691111442,9bb4d3d3-img_0476_box0.png
0424810218,0864067a-img_1456_box0.png
00447318605,57bb976e-img_0340_box0.png
05187911516,472b420d-img_0680_box0.png
0136639943,398eb6ee-img_0398_box0.png
0443510509,26b9d4d6-img_0217_box0.png
03445511716,ebd9a8ca-img_1335_box0.png
08030511416,4a94f01f-img_1830_box0.png
0450011118,3b503822-img_1355_box0.png
3109311309,1aac4eeb-img_1073_box0.png
0273311642,24b03573-img_1004_box0.png
06083111616,7aa9df16-img_1285_box0.png
07568911616,55ce0e14-img_0866_box0.png
10544311316,5c5a849e-img_0728_box0.png
0069811143,af9d9c56-img_1692_box0.png
09086111016,d0afde01-img_0865_box0.png
10104011516,57d16ad1-img_0533_box0.png
01689410105,c02d1402-img_0373_box0.png
14982011416,d708caa9-img_0667_box0.png
02785411816,282197c8-img_1140_box0.png
1001911218,b675497c-img_1253_box0.png
05543811716,270aad51-img_0991_box0.png
06681211516,6b7cc309-img_1603_box0.png
04183819816,83b4ca8a-img_1093_box0.png
2131510716,37daef2a-img_0484_box0.png
0052140023,ec4fb78a-img_1122_box0.png
2626810416,1a804c76-img_0823_box0.png
12332811416,4dd48465-img_0644_box0.png
04708511616,cc8f58bf-img_1914_box0.png
01210111516,e7d54e17-img_1108_box0.png
0597110443,4c7fad7f-img_1717_box0.png
1705911442,4f2ad01c-img_0569_box0.png
06617011416,3198cd32-img_0479_box0.png
19366311316,103ac140-img_1648_box0.png
0555519409,8c07bdd3-img_1400_box0.png
5518110716,236094de-img_0507_box0.png
02855511304,1fa0dab6-img_0424_box0.png
5518110716,7614b066-img_0510_box0.png
0423811343,1e8a845d-img_1151_box0.png
0774410535,3053d3f7-img_1010_box0.png
09881510816,34598fd7-img_1275_box0.png
0450011118,4ed1a038-img_1475_box0.png
5363810916,377cc48c-img_1882_box0.png
0111339718,721d4248-img_1363_box0.png
0131819616,c972a1e7-img_1315_box0.png
0638431325,35378995-img_0312_box0.png
1312210806,9cdf999c-img_0517_box0.png
14982011416,39ef7bf8-img_0896_box0.png
2759111409,d14f7d28-img_0782_box0.png
0643210142,bfdd0eb6-img_1683_box0.png
0849210943,d2b04a8d-img_1500_box0.png
0632319716,92a94fb0-img_1944_box0.png
0375210818,b8f99fb8-img_1688_box0.png
06553510716,c23cb101-img_1757_box0.png
0416310725,2f6045e7-img_1731_box0.png
0533111635,297d1ac3-img_1779_box0.png
04238411416,b71e0d24-img_1063_box0.png
1033211138,184e2cb1-img_0401_box0.png
18674411216,a7db40dd-img_1131_box0.png
0275811625,43b827f8-img_1325_box0.png
10375010916,038b5b85-img_1621_box0.png
0667110818,e138badb-img_1536_box0.png
0589210443,1e32a027-img_1401_box0.png
07085411219,262cbeb5-img_0443_box0.png
0218619742,13326d65-img_0927_box0.png
1958011335,964bef69-img_0907_box0.png
2403111306,5b059fb2-img_1564_box0.png
17659311316,73cbd4dc-img_1647_box0.png
02634011619,d23e1010-img_0330_box0.png
05624410516,453fb507-img_0931_box0.png
1705911442,35becfc0-img_0537_box0.png
0008212415,78f8b624-img_0222_box0.png
02012631316,794174ca-img_0175_box0.png
05543811716,ecc47867-img_0885_box0.png
1612810119,2e9ff918-img_0216_box0.png
0687010402,84d25591-img_1005_box0.png
0432330016,815274a6-img_1189_box0.png
13115011316,e3a62f26-img_0842_box0.png
11348011516,78289c4f-img_1925_box0.png
08703611516,e27d3f16-img_1770_box0.png
16420611316,1aa345b0-img_1768_box0.png
02100411316,8faedc92-img_1685_box0.png
1712710906,ff303627-img_1892_box0.png
0710111003,13682cb3-img_0399_box0.png
04169310316,c98548a6-img_0567_box0.png
0994610315,cac3984d-img_1264_box0.png
0687010402,cd120cc1-img_1070_box0.png
0833710542,7ff018bd-img_0891_box0.png
5013911016,ead112f5-img_0602_box0.png
0791111318,c85701a2-img_1583_box0.png
0973811235,d54f73b4-img_1747_box0.png
1409110509,bc737971-img_1682_box0.png
2792310416,3c6769f5-img_1165_box0.png
0334311235,68dacc85-img_1086_box0.png
03078511516,93e4ae86-img_1212_box0.png
02634011619,fec37ecb-img_0329_box0.png
07635211616,94da12ce-img_0550_box0.png
0334311235,d76972f3-img_0815_box0.png
01984711619,6085e8fd-img_0278_box0.png
0339619918,e030770f-img_1874_box0.png
05513710416,108e8d14-img_1370_box0.png
08939111316,92d96024-img_1211_box0.png
0218931025,81018d32-img_1413_box0.png
50050212528,68e60d23-img_0323_box0.png
14982011416,e57dc4ba-img_0983_box0.png
0473810543,d3142344-img_1617_box0.png
50638812516,c11a5ac5-img_0268_box0.png
0218931025,7a35e7a4-img_1373_box0.png
1016411625,b355a1ed-img_0289_box0.png
04467011716,cbb2c3e1-img_1130_box0.png
0306831143,02677cc9-img_1416_box0.png
00107512218,261169ae-img_0294_box0.png
50020912219,c4c9b450-img_0404_box0.png
10948711316,3ce61013-img_0787_box0.png
2092711343,6685a87b-img_0410_box0.png
00123411916,a3feb732-img_1145_box0.png
12224611316,d3672380-img_1229_box0.png
0638431325,40f54768-img_0311_box0.png
0361910016,f3b5434e-img_1034_box0.png
15268811316,68c1fc98-img_0448_box0.png
03584111119,01f11fb2-img_0362_box0.png
0770810143,02739dd5-img_1480_box0.png
09302211116,165a8fec-img_1708_box0.png
10521211516,d8298746-img_1158_box0.png
0697410043,3e9b6eac-img_1919_box0.png
2821319823,be7ffc3a-img_1210_box0.png
2759111409,4f0cb7b1-img_0633_box0.png
04801311419,fbb28da5-img_0426_box0.png
0449711424,67f622b5-img_1202_box0.png
0494611709,7e3b8032-img_1312_box0.png
01048511716,2157aa3a-img_0538_box0.png
01806911816,365f19d5-img_0418_box0.png
2145911242,39ab3651-img_1305_box0.png
4936110916,cbd11712-img_1132_box0.png
2912110816,5ab22cf3-img_1934_box0.png
04727310016,55510a85-img_1358_box0.png
03493918116,b64ccaf0-img_0618_box0.png
02589318616,7d929773-img_0670_box0.png
00355611816,06219085-img_1945_box0.png
1295410810,551249c0-img_0764_box0.png
02589318616,980d4c98-img_0729_box0.png
0997211218,71c746ca-img_1809_box0.png
0818310840,55722621-img_0351_box0.png
1238910425,7c5f1f0d-img_0302_box0.png
00001012416,b3007a3e-img_0286_box0.png
5814611016,dccee259-img_0693_box0.png
2626810416,2ecb92d0-img_1039_box0.png
10810011416,8607d3ed-img_0629_box0.png
0142810816,d6025275-img_0160_box0.png
5814611016,dccee259-img_0693_box0.png
2626810416,2ecb92d0-img_1039_box0.png
10810011416,8607d3ed-img_0629_box0.png
0142810816,d6025275-img_0160_box0.png
02206011434,4db3d2db-img_0371_box0.png
0115010842,28d77a39-img_1259_box0.png
00334912419,1e7e27f6-img_0283_box0.png
08155811016,1655f2f8-img_1418_box0.png
04169310316,8b251970-img_0671_box0.png
2210110716,5597905f-img_1746_box0.png
01936210821,d4f4dc75-img_0306_box0.png
0711311510,4d7fbe33-img_0623_box0.png
6915710816,6919bf05-img_1231_box0.png
0717810424,6a902654-img_0395_box0.png
01170731205,92af34a1-img_0310_box0.png
1333510835,8d573084-img_0651_box0.png
18537911316,ef626321-img_1118_box0.png
11840711716,ab7ec942-img_0349_box0.png
03023011816,e63c4000-img_1109_box0.png
04413910316,112b9879-img_0863_box0.png
50050212528,1da10b10-img_0325_box0.png
0370119824,927c7d27-img_0396_box0.png
11348011516,7a9feae0-img_1440_box0.png
3788811116,bf80a2dd-img_1833_box0.png
14111310802,94895342-img_0954_box0.png
00107512218,dff2d15a-img_0293_box0.png
0387611042,5170bbc5-img_0467_box0.png
14982011416,e040e0ab-img_0613_box0.png
07433211219,8f5cf493-img_0298_box0.png
03951411416,09286b8a-img_0962_box0.png
00107512218,dff2d15a-img_0293_box0.png
0387611042,5170bbc5-img_0467_box0.png
14982011416,e040e0ab-img_0613_box0.png
07433211219,8f5cf493-img_0298_box0.png
03951411416,09286b8a-img_0962_box0.png
0184310618,bc54f7fa-img_1824_box0.png
04149441519,def57c56-img_0261_box0.png
13420411416,e4b6fae6-img_0561_box0.png
08155811016,1be25fbc-img_1851_box0.png
01332211816,fc3d9c1f-img_1195_box0.png
50006412421,c4b838c5-img_0260_box0.png
04664711219,cae7ebe3-img_0394_box0.png
0209510340,b736e728-img_0321_box0.png
0009615413,b758e359-img_1700_box0.png
17464811316,635d5c5b-img_1187_box0.png
15168811216,c02c6f08-img_0813_box0.png
03928911019,8ac03e05-img_0280_box0.png
04562131419,b17921b3-img_0270_box0.png
0074211723,dd517fc3-img_0361_box0.png
04413910316,9b0b0a6e-img_0648_box0.png
04281311519,b9f55617-img_0316_box0.png
1238910425,d19c372f-img_0291_box0.png
0462912309,8fb0d74f-img_0239_box0.png
0805818531,64107997-img_1153_box0.png
06818011616,d209c8f4-img_0214_box0.png
2890819916,f7e6cb7e-img_1738_box0.png
0615211705,d3a084d6-img_0318_box0.png
01222711719,dd6502ea-img_0420_box0.png
50638812516,bca2512c-img_0267_box0.png
0209510340,b8c88453-img_0320_box0.png
01003219905,b73f3fc2-img_0276_box0.png
00562732216,298bca1a-img_0309_box0.png
01499311504,1ead0e21-img_0336_box0.png
1119711116,e733638a-img_1235_box0.png
01499311504,b0baf860-img_0335_box0.png
1547611241,878bcb32-img_0198_box0.png
02472611105,aa1aa9c6-img_0334_box0.png
09286310816,d2a272e1-img_1421_box0.png
0909431221,fbd1e025-img_0249_box0.png
1016411625,76ea282d-img_0290_box0.png
0711311510,de4f523f-img_0791_box0.png
04039611019,e0ab5309-img_0416_box0.png
01334410905,7d9804d0-img_0285_box0.png
04281311519,6bf8b758-img_0315_box0.png
0172911742,96cfe406-img_1021_box0.png
01003219905,271cd4c2-img_0277_box0.png
03758611519,97fe358a-img_0415_box0.png
0277311731,5e37a86c-img_1218_box0.png
08923411516,e733638a-img_1235_box4.png
04039611019,f102e5a2-img_0417_box0.png
03928911019,38d946d8-img_0279_box0.png
00717711518,802bbbc2-img_0254_box0.png
0615211705,fdc71ffd-img_0317_box0.png
01015431904,b56da735-img_0275_box0.png
00499611516,577ba18a-img_0598_box0.png
00068612218,755e0003-img_0295_box0.png
1013111234,e733638a-img_1235_box1.png
1910211543,6b9b1d46-img_0258_box0.png
04562131419,c49de6d9-img_0269_box0.png
00334912419,e643f8bf-img_0284_box0.png
00370912405,1a482c49-img_0273_box0.png
08928511516,e733638a-img_1235_box2.png
02472611105,f467608e-img_0333_box0.png
0909431221,296d4dd0-img_0247_box0.png
1013111234,e733638a-img_1235_box3.png
01336110704,11d48329-img_0437_box0.png
07433211219,12dc88b6-img_0297_box0.png
04909111316,1f6abfa3-img_0542_box0.png
02472611105,e95ed0d3-img_0369_box0.png
03409311919,98076fb9-img_0281_box0.png
00562732216,edf1067c-img_0308_box0.png
00717711518,fc82e5cc-img_0255_box0.png
1238910425,dc000f60-img_0292_box0.png
03409311919,72496f16-img_0282_box0.png
0909431221,6a9e5e6f-img_0248_box0.png
00344312405,0cd160e6-img_0409_box0.png
03905210919,88842de0-img_0326_box0.png
01793712419,459aaf93-img_0314_box0.png
00105611918,ba61c3c3-img_0266_box0.png
3325211009,ddbddb2b-img_1987_box0.png
00370912405,cbe95ea2-img_0274_box0.png
00717711518,101bfd2a-img_0256_box0.png
00068612218,dcd5e01d-img_0296_box0.png
1910211543,133b2742-img_0259_box0.png
03123211519,5c3947da-img_0439_box0.png
50007912435,b430c6d2-img_0322_box0.png
98765211416,cd8ec4b3-img_1101_box1.png
01717510804,eb3bdcb0-img_0287_box0.png
00512419704,03fdf787-img_0301_box0.png
0641831131,c2149e97-img_0262_box0.png
01776512419,e9b56ecc-img_0253_box0.png
02896411916,ca487165-img_0263_box0.png
02307430419,2098a8c7-img_0319_box0.png
1549411831,fdeb1a7b-img_1230_box1.png
00105611918,46789bbc-img_0264_box0.png
1104710935,ba26ed91-img_0945_box0.png
14260611816,a78b8582-img_0305_box0.png
00512419704,d814dd2a-img_0299_box0.png
0649011116,e23828a1-img_1154_box0.png
0713910534,96b64208-img_0173_box0.png
1380610209,512eb2dd-img_1980_box0.png
5082010716,77f6a3a9-img_1214_box0.png
98765211416,cd8ec4b3-img_1101_box0.png
98765211416,cd8ec4b3-img_1101_box2.png
02972211416,d9278058-img_1103_box0.png
2467111409,c53ce430-img_2005_box0.png
0349711828,bb691c85-img_1990_box0.png
00512419704,fa6c9720-img_0300_box0.png
01793712419,db7452d1-img_0313_box0.png
0931211709,e4fdee7b-img_1999_box0.png
0407611909,7ef09374-img_2009_box0.png
0262812109,b2ce4c59-img_2001_box0.png
0220119809,761ba12f-img_1995_box0.png
1820710209,18ea10b4-img_2020_box0.png
0729730709,18863e0b-img_1992_box0.png
01689410105,7bf0fe09-img_0374_box0.png
03123211519,1917e083-img_0440_box0.png
0224232409,adab00a6-img_1981_box0.png
2374311909,e20370c5-img_2012_box0.png
02601912016,afbf7b4b-img_2016_box0.png
02027212116,3b6d68f2-img_2004_box0.png
2189011609,aff71620-img_2013_box0.png
2584611909,734aec47-img_2015_box0.png
0641539609,5f2a9139-img_2017_box0.png
08638311516,bb445902-img_2000_box0.png
1353040031,55dff731-img_1985_box0.png
0575619909,81a7ccfb-img_2007_box0.png
1079610809,37f10291-img_1976_box0.png
0177512409,4a060be3-img_1998_box0.png
0749139609,c23850b7-img_1979_box0.png
0633310809,91d2a0f2-img_1977_box0.png
0177512409,c3d0d2c1-img_1989_box0.png
0859912209,e80f893c-img_1991_box0.png
0986812109,5d14c949-img_2008_box0.png
00344312405,f833eb32-img_0407_box0.png
1902411809,be4cb53a-img_2014_box0.png
2641211909,df9aa64c-img_2006_box0.png
2265511009,270bc3da-img_1975_box0.png
0927012309,9f83d658-img_1982_box0.png
2871011509,da166122-img_1972_box0.png
1150411709,f848590b-img_2018_box0.png
3024511309,0f35b230-img_1978_box0.png
2374311909,526f971f-img_2011_box0.png
0886819509,9ae9f8fd-img_1962_box0.png
2965910909,dd1fec75-img_2003_box0.png
1211610309,21c5b397-img_1997_box0.png
1078030909,69c9fd9c-img_1986_box0.png
1115411409,d3da005f-img_1965_box0.png
1653811609,3ca38a43-img_2010_box0.png
0890612109,5b6f0bb6-img_1994_box0.png
0812611509,b34d78b7-img_1967_box0.png
0134311709,3e860314-img_2019_box0.png
0187811609,5cbdf2ce-img_1973_box0.png
02659412316,86df16f8-img_1971_box0.png
0550210326,54809189-img_1993_box0.png
00702831916,586ccd35-img_1984_box0.png
0871512309,66e051be-img_1964_box0.png
5488111209,db43b18d-img_1970_box0.png
1128111209,b521aa61-img_1974_box0.png
1048911909,27bdc5e4-img_1969_box0.png
0268211509,a93deada-img_1966_box0.png
25029311316,24ee9674-img_1983_box0.png
0489912309,de687872-img_1963_box0.png
0659511909,641e36ca-img_1968_box0.png
3004610809,62d89f7e-img_2002_box0.png
08770011916,1ec47007-img_1996_box0.png
